SucursalID,Nombre,CodigoBarra,Categoria,FechaCaducidad,Marca,Precio,Stock
SUC-026,Grass Fed Beef Patties,0000000001,Food - Meat,2026-06-05,"Alimera Sciences, Inc.",553.47,267
SUC-018,Mechanical Keyboard,0000000002,Computers,2025-07-18,WisdomTree Germany Hedged Equity Fund,896.36,298
SUC-023,Portable Blender,0000000003,Kitchen,2025-09-21,ZIOPHARM Oncology Inc,290.47,886
SUC-002,Lightweight Rain Jacket,0000000004,Clothing - Outerwear,2026-10-14,"Arrow Electronics, Inc.",81.92,514
SUC-016,Spicy Kimchi,0000000005,Food - Condiments,2025-10-12,"HubSpot, Inc.",563.07,240
SUC-023,Inflatable Party Cooler,0000000006,Outdoor,2026-12-13,"Capricor Therapeutics, Inc.",564.1,895
SUC-006,Watercolor Paint Set,0000000007,Art Supplies,2026-12-17,"New Oriental Education & Technology Group, Inc.",209.47,56
SUC-028,Travel Orthopedic Pillow,0000000008,Travel,2026-08-11,Lehman ABS Corporation,689.55,776
SUC-015,Mango Chunks,0000000009,Food - Frozen Fruits,2025-05-01,Nuveenn Intermediate Duration Quality Municipal Term Fund,532.8,101
SUC-005,Dark Chocolate Bars,0000000010,Food - Snacks,2026-10-30,Momo Inc.,380.59,827
SUC-005,Vegetable Pizza Rolls,0000000011,Food - Frozen Foods,2025-12-23,"Ambac Financial Group, Inc.",445.28,474
SUC-007,Organic Brown Sugar,0000000014,Food - Baking,2026-08-06,Astoria Financial Corporation,949.26,579
SUC-017,Wall Art Stickers,0000000015,Home,2026-09-09,Morgan Stanley,621.61,627
SUC-002,Digital Wireless Meat Thermometer,0000000016,Kitchen,2026-11-30,"A. Schulman, Inc.",197.29,67
SUC-011,Herb Seasoned Rice,0000000017,Food - Sides,2026-01-30,"Alamo Group, Inc.",861.5,581
SUC-003,Cream Cheese,0000000018,Food - Dairy,2025-06-17,First Trust Senior Loan Fund ETF,87.27,221
SUC-030,Lemon Pepper Seasoning,0000000019,Food - Seasonings,2026-09-03,China Life Insurance Company Limited,590.05,716
SUC-010,Cinnamon Spiced Almonds,0000000020,Food - Snacks,2025-07-03,"Twin Disc, Incorporated",132.17,298
SUC-005,Fleece Hoodie,0000000021,Clothing - Outerwear,2026-03-03,"Destination XL Group, Inc.",409.92,273
SUC-005,Chocolate Coconut Protein Balls,0000000022,Food - Snacks,2025-04-23,Seritage Growth Properties,116.6,957
SUC-002,Peach & Mango Salsa,0000000023,Food - Snacks,2026-01-04,CalAmp Corp.,563.49,972
SUC-010,Ginger Turmeric Latte Mix,0000000024,Food - Beverages,2026-08-30,"KMG Chemicals, Inc.",115.51,441
SUC-018,Fire Roasted Salsa,0000000025,Food - Condiments,2026-02-07,ITT Inc.,241.9,347
SUC-028,Chia Seed Pudding,0000000026,Food - Snacks,2025-06-24,"U.S. Global Investors, Inc.",812.13,690
SUC-013,Mixed Nuts,0000000027,Food - Snacks,2026-05-26,"RTI Surgical, Inc.",269.85,249
SUC-021,Hibiscus Tea Bags,0000000028,Food - Beverages,2025-09-12,Blackrock Municipal 2018 Term Trust,712.73,476
SUC-017,Sweet Potato Noodles,0000000029,Food - Pasta,2025-10-26,Flaherty & Crumrine Preferred Securities Income Fund Inc,220.42,718
SUC-017,Pumpkin Pie Spice,0000000030,Food - Baking,2026-05-20,CAE Inc,561.78,514
SUC-003,Personal Blender with Travel Cup,0000000031,Kitchen,2025-05-31,Capital Southwest Corporation,550.67,726
SUC-008,Savory Rice Cakes,0000000032,Food - Snacks,2026-11-12,Eagle Point Credit Company Inc.,157.21,92
SUC-023,Organic Ramen Noodles,0000000033,Food - Pasta,2026-05-31,RenaissanceRe Holdings Ltd.,562.71,67
SUC-017,Frozen Pizza,0000000034,Food - Frozen Foods,2026-05-18,Eaton Vance NextShares Trust,701.39,784
SUC-017,Beef Tacos,0000000035,Food - Meat,2026-10-22,VALE S.A.,208.92,942
SUC-030,Wall-Mounted Organizer,0000000036,Home,2026-07-20,"Blackrock MuniHoldings California Quality Fund,  Inc.",947.8,284
SUC-026,Matcha Green Tea Powder,0000000037,Food - Beverages,2025-04-19,"Guaranty Federal Bancshares, Inc.",977.96,933
SUC-014,Creamy Tomato Basil Soup,0000000038,Food - Canned Goods,2026-11-22,Textron Inc.,840.67,676
SUC-023,Dill Pickle Chips,0000000039,Food - Condiments,2026-11-06,Virtusa Corporation,97.92,540
SUC-018,Frozen Pizza,0000000040,Food - Frozen Foods,2026-01-25,"Edge Therapeutics, Inc.",149.05,114
SUC-006,Insulated Sport Tumbler,0000000041,Fitness,2026-04-09,Eaton Vance NextShares Trust,458.42,987
SUC-025,Tandoori Chicken Skewers,0000000042,Food - Meat,2025-06-26,Nuveen Mortgage Opportunity Term Fund,260.05,882
SUC-023,Golf Putting Green,0000000043,Sports,2026-05-18,"Sandy Spring Bancorp, Inc.",941.33,109
SUC-024,Phone Case,0000000044,Accessories,2026-12-11,"eHealth, Inc.",386.58,614
SUC-008,Warm Knit Beanie,0000000045,Clothing - Accessories,2026-11-13,Bank of South Carolina Corp.,150.69,843
SUC-005,Cordless Water Flosser,0000000046,Health,2025-09-20,"Aqua America, Inc.",547.27,275
SUC-025,Wall Art,0000000047,Home,2026-05-08,"Exelixis, Inc.",488.19,441
SUC-012,Personalized Cutting Board,0000000048,Kitchen,2025-08-16,"Biocept, Inc.",720.76,130
SUC-015,Brazil Nuts,0000000049,Food - Nuts,2025-12-23,"MediciNova, Inc.",629.29,566
SUC-011,Portable Electric Fan,0000000050,Home,2026-12-13,"Redwood Trust, Inc.",258.98,831
SUC-029,Wildflower Honey,0000000051,Food - Condiments,2025-09-11,Broadway Financial Corporation,163.27,37
SUC-006,Desk Organizer Set,0000000052,Office,2026-03-30,CoreSite Realty Corporation,957.1,474
SUC-004,Vegetarian Sausage Links,0000000053,Food - Meat Substitutes,2026-05-06,MiX Telematics Limited,827.8,539
SUC-017,Reusable Produce Bags Set,0000000054,Kitchen,2025-08-06,"Five Below, Inc.",274.84,402
SUC-023,Customizable Photo Calendar,0000000055,Books,2026-05-28,Vanguard Total International Stock ETF,604.35,253
SUC-006,Vegan Chocolate Cake Mix,0000000056,Food - Baking,2026-08-08,Quanex Building Products Corporation,742.19,54
SUC-013,Indian Curry Sauce,0000000057,Food - Condiments,2026-12-25,Luxfer Holdings PLC,955.86,647
SUC-010,Wireless Charging Pad,0000000058,Accessories,2025-07-04,Century Aluminum Company,426.52,399
SUC-007,Avocados,0000000059,Food - Produce,2025-06-23,Internap Corporation,160.89,294
SUC-030,Teriyaki Stir-Fry Sauce,0000000060,Food - Condiments,2026-04-21,ICON plc,903.54,3
SUC-015,Bamboo Cotton Tank Top,0000000061,Clothing - Tops,2025-08-09,Deltic Timber Corporation,497.61,170
SUC-021,Fresh Strawberries,0000000062,Food - Produce,2025-10-22,SandRidge Permian Trust,998.84,424
SUC-017,Beef Stroganoff Meal Kit,0000000063,Food - Frozen Meals,2026-12-27,Gabelli Global Small and Mid Cap Value Trust (The),584.64,224
SUC-006,Sturdy Bookends,0000000064,Office,2025-09-26,"GenMark Diagnostics, Inc.",556.98,59
SUC-021,Board Game,0000000065,Toys,2026-03-05,Principal Financial Group Inc,399.26,867
SUC-027,Ginger Turmeric Latte Mix,0000000066,Food - Beverages,2026-05-10,Nuveen New Jersey Quality Municipal Income Fund,74.81,798
SUC-005,Tofu,0000000067,Food - Meat Alternatives,2025-05-05,"Hyster-Yale Materials Handling, Inc.",484.17,636
SUC-016,Flavored Popcorn Mix,0000000068,Food - Snacks,2026-03-18,NeuroDerm Ltd.,671.82,339
SUC-019,Water Bottle with Built-in Fruit Infuser,0000000069,Fitness,2026-01-10,Itau Unibanco Banco Holding SA,611.81,158
SUC-024,Coconut Curry Chicken,0000000070,Food - Frozen Foods,2025-05-15,Sify Technologies Limited,619.5,402
SUC-010,Fleece Lined Leggings,0000000071,Clothing,2026-09-02,Kemper Corporation,6.89,946
SUC-005,Dog Training Collar,0000000072,Pets,2026-06-13,Wheaton Precious Metals Corp.,25.49,202
SUC-018,Chicken Fajita Kit,0000000073,Food - Prepared Foods,2026-04-01,O2Micro International Limited,587.24,24
SUC-029,Wine Glasses,0000000074,Home,2025-12-18,"Schnitzer Steel Industries, Inc.",387.28,500
SUC-030,DIY Candle Kit,0000000075,Crafts,2026-07-24,Stonegate Bank,731.59,237
SUC-015,Maple Glazed Carrots,0000000076,Food - Prepared Foods,2025-10-10,"MGP Ingredients, Inc.",982.46,884
SUC-011,Pet Hair Remover,0000000077,Pets,2025-06-10,Function(x) Inc.,996.59,853
SUC-011,Foldable Yoga Mat Carry Bag,0000000078,Fitness,2026-08-09,Pure Cycle Corporation,337.65,736
SUC-008,Sweet Chili Thai Sauce,0000000079,Food - Condiments,2026-06-03,"SPI Energy Co., Ltd.",426.67,585
SUC-007,Vegan Taco Seasoning,0000000080,Food - Spices,2026-01-11,Rand Capital Corporation,159.25,305
SUC-014,Yoga Blocks,0000000081,Fitness,2026-01-20,OceanFirst Financial Corp.,331.19,248
SUC-003,Cinnamon Spiced Almonds,0000000082,Food - Snacks,2026-05-31,CounterPath Corporation,995.74,580
SUC-023,Stainless Steel Cutlery Set,0000000083,Kitchen,2026-08-18,Pimco Global Stocksplus & Income Fund,611.68,597
SUC-023,Portable Dog Water Bottle,0000000084,Pets,2026-07-02,RPM International Inc.,744.58,579
SUC-006,Kids' Dinosaur-Themed Lunchbox,0000000085,Accessories,2025-12-14,Albemarle Corporation,222.77,583
SUC-012,Customizable Wall Calendar,0000000086,Office,2026-07-12,"Great Western Bancorp, Inc.",419.69,468
SUC-018,Ginger Turmeric Shots,0000000087,Food - Beverages,2025-05-22,Blackrock Municipal 2018 Term Trust,642.26,986
SUC-019,Homestyle Beef Stew,0000000088,Food - Canned Soups,2025-08-13,M&T Bank Corporation,679.58,255
SUC-030,Digital Kitchen Timer,0000000089,Kitchen,2026-09-14,"Allied Healthcare Products, Inc.",229.6,438
SUC-002,Yoga Blocks,0000000090,Fitness,2026-02-27,Calgon Carbon Corporation,167.95,394
SUC-002,Vegan Protein Powder,0000000091,Health,2025-11-29,Viavi Solutions Inc.,802.69,605
SUC-001,Car Vacuum Cleaner,0000000092,Automotive,2026-08-20,"ServisFirst Bancshares, Inc.",883.16,1000
SUC-002,Zesty Cilantro Lime Dressing,0000000093,Food - Condiments,2026-08-04,Lennar Corporation,174.23,540
SUC-013,Portable Air Conditioner,0000000094,Home Appliances,2026-08-14,"NewStar Financial, Inc.",989.37,890
SUC-029,Folding Backpack Chair,0000000095,Outdoor,2026-07-16,PartnerRe Ltd.,308.34,608
SUC-022,Electric Wax Warmer,0000000096,Home,2026-12-04,"Arrowhead Pharmaceuticals, Inc.",307.05,220
SUC-003,Honey BBQ Ribs,0000000097,Food - Meat,2026-08-20,"j2 Global, Inc.",416.0,408
SUC-006,Car Escape Tool,0000000098,Automotive,2026-02-08,Owens Corning Inc,946.51,950
SUC-023,Organic Quinoa Salad,0000000099,Food - Prepared Meals,2026-12-03,"B. Riley Financial, Inc.",285.04,676
SUC-001,Granola Bars,0000000100,Food - Snacks,2025-11-17,"AgroFresh Solutions, Inc.",491.2,275
SUC-024,Watercolor Set,0000000101,Art Supplies,2025-04-17,"Terra Nitrogen Company, L.P.",866.08,833
SUC-007,Kale Chips,0000000102,Food - Snacks,2025-04-30,John Hancock Premium Dividend Fund,206.25,592
SUC-027,Chocolate Protein Powder,0000000103,Food - Supplements,2025-12-05,"Peak Resorts, Inc.",311.6,701
SUC-010,Chopping Board,0000000104,Kitchen,2026-03-29,The Obesity ETF,299.99,64
SUC-001,Spicy BBQ Sauce,0000000105,Food - Condiments,2025-10-02,HSBC Holdings plc,559.53,681
SUC-021,Canvas High-Top Sneakers,0000000106,Clothing - Footwear,2025-11-27,"Comstock Resources, Inc.",50.07,24
SUC-018,Fresh Cilantro,0000000107,Food - Produce,2025-05-21,Caesarstone Ltd.,621.51,997
SUC-001,Garden Vegetable Soup,0000000108,Food - Canned Goods,2025-06-22,Teekay Offshore Partners L.P.,857.75,989
SUC-007,Smashed Avocado with Lime,0000000109,Food - Condiments,2026-01-10,MB Financial Inc.,456.58,589
SUC-029,LED Disco Ball Light,0000000110,Home,2025-07-31,"Oppenheimer Holdings, Inc.",32.76,611
SUC-001,Heat-Resistant Silicone Mat,0000000111,Kitchen,2025-12-12,Arlington Asset Investment Corp,123.33,707
SUC-008,Scented Soy Candles,0000000112,Home,2025-12-21,Kemper Corporation,158.95,953
SUC-011,Organic Honeycrisp Apples,0000000113,Food - Fruits,2026-07-29,Columbus McKinnon Corporation,546.78,104
SUC-020,Banana Nut Muffins,0000000114,Food - Bakery,2025-07-24,"Ferrellgas Partners, L.P.",528.12,64
SUC-003,Organic Green Tea,0000000115,Food - Beverages,2025-09-19,"Sound Financial Bancorp, Inc.",970.88,337
SUC-019,Nutritional Yeast,0000000116,Food - Pantry,2025-12-15,Sussex Bancorp,903.87,419
SUC-013,Margherita Pizza,0000000117,Food - Frozen Foods,2026-06-21,Seanergy Maritime Holdings Corp,873.66,455
SUC-001,Rechargeable Laptop Battery Pack,0000000118,Electronics,2026-11-29,"Ormat Technologies, Inc.",813.57,10
SUC-014,Dog Training Whistle,0000000119,Pets,2025-12-05,ManTech International Corporation,486.28,261
SUC-005,Hair Dryer,0000000120,Beauty,2026-01-21,"Easterly Government Properties, Inc.",887.99,935
SUC-021,Shoe Organizer,0000000121,Home,2026-11-17,"Eastern Virginia Bankshares, Inc.",474.17,709
SUC-017,Chia Seeds,0000000122,Food - Grains,2026-09-22,Macquarie Infrastructure Company,911.12,624
SUC-010,Bird Feeder,0000000123,Outdoor,2025-07-19,DDR Corp.,904.23,625
SUC-019,Butternut Squash Soup,0000000124,Food - Soups,2025-08-23,"Consumer Portfolio Services, Inc.",453.45,570
SUC-014,Magnetic Curtain Tiebacks,0000000125,Home,2025-06-07,"LM Funding America, Inc.",881.45,793
SUC-010,Classic White T-Shirt,0000000126,Clothing - Tops,2025-09-19,"Enviva Partners, LP",172.31,540
SUC-011,Outdoor Sports Backpack,0000000127,Outdoor,2026-07-04,General Dynamics Corporation,690.25,610
SUC-016,Self-Watering Planters,0000000128,Garden,2025-12-29,"USANA Health Sciences, Inc.",446.04,250
SUC-014,Compact Shoe Rack,0000000129,Home,2025-08-13,First Trust,503.78,310
SUC-006,Portable Electric Fan,0000000130,Home,2026-02-14,Pzena Investment Management Inc,132.03,841
SUC-022,Crispy Chickpeas,0000000131,Food - Snacks,2026-06-11,Oasmia Pharmaceutical AB,133.03,982
SUC-006,Induction Cooktop,0000000132,Kitchen,2025-11-05,Tellurian Inc.,312.78,276
SUC-023,Frozen Salmon Filets,0000000133,Food - Seafood,2026-08-17,"Calithera Biosciences, Inc.",844.99,432
SUC-012,Canvas Tote Bag,0000000134,Clothing - Accessories,2025-06-25,Sanofi,111.47,30
SUC-018,Cheese Stuffed Jalapenos,0000000135,Food - Snacks,2026-02-14,MGE Energy Inc.,617.1,255
SUC-010,Microwave Popcorn Maker,0000000136,Kitchen,2026-11-04,Analogic Corporation,648.37,48
SUC-006,Mediterranean Olives,0000000137,Food - Condiments,2026-01-08,Scorpio Tankers Inc.,851.54,376
SUC-023,Yoga Mat,0000000138,Fitness,2025-06-10,Lam Research Corporation,607.94,834
SUC-017,Sesame Garlic Noodles,0000000139,Food - Pasta,2025-09-08,Shire plc,555.07,808
SUC-026,Outdoor Folding Table,0000000140,Outdoor,2026-12-28,Wells Fargo & Company,642.52,258
SUC-006,Scented Candle Set,0000000141,Home,2026-03-21,Bio-Techne Corp,389.18,136
SUC-021,Chili Lime Seasoning,0000000142,Food - Spices,2026-12-27,Columbia Sportswear Company,722.0,156
SUC-011,Wireless Earbuds Case,0000000143,Accessories,2026-03-21,Royal Bank Scotland plc (The),827.51,858
SUC-008,Mango Chilli Sauce,0000000144,Food - Condiments,2026-07-06,Educational Development Corporation,771.49,939
SUC-028,Hibiscus Tea Bags,0000000145,Food - Beverages,2025-06-22,ResMed Inc.,429.1,542
SUC-015,Trainers with Mesh Inserts,0000000146,Clothing - Footwear,2025-07-19,Gladstone Investment Corporation,879.34,737
SUC-025,Wooden Children's Play Kitchen,0000000147,Toys,2025-10-07,Wells Fargo & Company,368.48,855
SUC-019,French Onion Dip,0000000148,Food - Condiments,2026-09-21,Pembina Pipeline Corp.,460.95,779
SUC-019,Deep Tissue Massage Gun,0000000149,Health,2026-08-26,ENDRA Life Sciences Inc.,283.69,193
SUC-013,Lemon Sorbet,0000000150,Food - Frozen Desserts,2026-08-03,Macerich Company (The),274.06,933
SUC-019,Desk Lamp with USB Port,0000000151,Office,2025-09-23,"County Bancorp, Inc.",206.79,994
SUC-001,Frozen Mixed Berries,0000000152,Food - Frozen Foods,2026-10-28,"Alexandria Real Estate Equities, Inc.",668.13,664
SUC-023,Vegetable Fried Rice Mix,0000000153,Food - Frozen Food,2026-07-30,"Apple Hospitality REIT, Inc.",217.15,700
SUC-020,Woven Storage Baskets,0000000154,Home,2026-12-01,Investors Title Company,507.42,861
SUC-022,Portable Solar Charger,0000000155,Electronics,2025-11-07,Invitation Homes Inc.,26.72,322
SUC-004,Dark Chocolate Tart,0000000156,Food - Desserts,2025-05-14,Vanguard Total International Bond ETF,142.91,874
SUC-023,Interactive Robot Toy,0000000157,Toys,2026-06-27,"Internet Initiative Japan, Inc.",444.5,867
SUC-017,Ground Cinnamon,0000000158,Food - Spices,2026-05-22,"Rockwell Medical, Inc.",662.28,447
SUC-018,Organic Green Tea,0000000159,Food - Beverages,2025-04-29,Ally Financial Inc.,264.29,302
SUC-029,Blueberry Chia Jam,0000000160,Food - Spreads,2026-12-10,"Affiliated Managers Group, Inc.",769.73,365
SUC-022,Mushrooms,0000000161,Food - Produce,2026-05-18,Vedanta  Limited,498.41,496
SUC-028,Honey Roasted Chickpeas,0000000162,Food - Snacks,2026-04-25,"CoreLogic, Inc.",638.04,510
SUC-030,Artisan Bread,0000000163,Food - Bakery,2026-08-10,"T. Rowe Price Group, Inc.",340.25,459
SUC-008,Acoustic Guitar,0000000164,Music,2025-12-28,Investors Real Estate Trust,99.93,59
SUC-022,Fishing Rod,0000000165,Outdoor,2025-07-24,"Superior Uniform Group, Inc.",300.12,402
SUC-008,Chickpea Snack Mix,0000000166,Food - Snacks,2025-05-07,"Celldex Therapeutics, Inc.",306.98,912
SUC-007,Chopping Board,0000000167,Kitchen,2026-05-31,"EOG Resources, Inc.",254.9,268
SUC-016,Chicken Sausage,0000000168,Food - Meat,2026-08-29,"Aldeyra Therapeutics, Inc.",226.11,164
SUC-006,Portable Solar Charger,0000000169,Electronics,2025-12-13,"Anthera Pharmaceuticals, Inc.",562.12,946
SUC-023,Leek and Potato Soup,0000000170,Food - Soups,2026-09-29,Sabre Corporation,998.24,894
SUC-010,Frozen Edamame,0000000171,Food - Frozen Foods,2025-12-06,Global Partner Acquisition Corp.,95.83,929
SUC-002,Ricotta Cheese,0000000172,Food - Dairy,2026-06-07,First Trust Strategic High Income Fund II,476.83,516
SUC-002,Vegan Cheese,0000000173,Food - Dairy Alternatives,2025-11-19,New Home Company Inc. (The),227.64,800
SUC-024,Organic Blueberries,0000000174,Food - Fruits,2025-06-25,Horizons NASDAQ-100 Covered Call ETF,715.28,967
SUC-024,Chocolate Chip Muffins,0000000175,Food - Bakery,2026-05-26,PowerShares DWA Energy Momentum Portfolio,981.73,666
SUC-007,Honey Lemon Tea,0000000176,Food - Beverages,2025-08-22,"PrivateBancorp, Inc.",102.92,686
SUC-029,Raspberry Tart,0000000177,Food - Baked Goods,2025-08-26,Hess Corporation,821.55,490
SUC-026,3D Night Light,0000000178,Home,2025-12-17,"Castlight Health, inc.",496.74,497
SUC-017,Sweet Cherry Tomatoes,0000000179,Food - Produce,2026-11-20,Annaly Capital Management Inc,453.98,494
SUC-008,Self-Adhesive Wallpaper,0000000180,Home,2025-08-11,Omnicom Group Inc.,116.98,605
SUC-005,Granola Clusters,0000000181,Food - Cereal,2025-12-22,"First Financial Northwest, Inc.",217.0,778
SUC-008,Fitness Resistance Bands,0000000182,Fitness,2026-04-02,iPath US Treasury Long Bond Bear ETN,601.86,575
SUC-029,Spicy Snack Mix,0000000183,Food - Snacks,2026-05-21,"Strata Skin Sciences, Inc.",267.21,827
SUC-007,Coconut Bowls Set,0000000184,Kitchen,2026-04-02,Sanofi,122.7,903
SUC-028,Pet Bed with Removable Cover,0000000185,Pets,2026-06-12,Fair Isaac Corporation,166.47,74
SUC-001,Green Tea Matcha Powder,0000000186,Food - Beverages,2026-08-26,"Willamette Valley Vineyards, Inc.",148.88,948
SUC-019,Peach Slices (canned),0000000187,Food - Canned Goods,2026-02-19,"Malibu Boats, Inc.",523.14,909
SUC-002,Electric Air Pump,0000000188,Outdoor,2025-12-19,"Groupon, Inc.",250.01,277
SUC-021,Pressure Cooker,0000000189,Kitchen,2025-12-12,RAIT Financial Trust,291.39,461
SUC-015,Organic Chia Seeds,0000000190,Food - Health Foods,2025-09-25,Xylem Inc.,45.8,905
SUC-018,Portable Projector,0000000191,Electronics,2026-06-06,"Synacor, Inc.",886.91,343
SUC-021,Blue Denim Jeans,0000000192,Clothing - Bottoms,2025-09-10,"American Axle & Manufacturing Holdings, Inc.",849.86,463
SUC-023,Pumpkin Spice Latte Mix,0000000193,Food - Beverages,2026-09-06,"Prudential Financial, Inc.",29.34,411
SUC-005,Chocolate Mint Thins,0000000194,Food - Snacks,2026-12-30,"F5 Networks, Inc.",930.08,419
SUC-022,Honey Glazed Carrots,0000000195,Food - Produce,2026-10-29,Great Ajax Corp.,248.27,829
SUC-009,Freestanding Wine Rack,0000000196,Home,2025-10-15,MagneGas Corporation,107.52,94
SUC-016,BBQ Jackfruit,0000000197,Food - Prepared Foods,2025-06-05,LendingClub Corporation,179.14,422
SUC-028,Margherita Pizza,0000000198,Food - Frozen Foods,2025-09-30,Envision Healthcare Corporation,200.45,238
SUC-030,Cereal Dispenser with Portion Control,0000000199,Kitchen,2025-04-15,Pegasystems Inc.,646.76,601
SUC-004,Yoga Blocks,0000000200,Fitness,2026-03-25,Array BioPharma Inc.,372.58,284
SUC-020,Dark Chocolate Covered Pretzels,0000000201,Food - Snacks,2025-07-14,TransAlta Corporation,566.27,961
SUC-022,Workstation Laptop Stand,0000000202,Office,2025-06-24,Stifel Financial Corporation,831.92,143
SUC-012,Avocado Lime Dressing,0000000203,Food - Condiments,2026-03-08,Dynegy Inc.,347.25,45
SUC-002,LED Disco Ball Light,0000000204,Home,2026-07-14,Nuveen Pennsylvania Quality Municipal Income Fund,930.91,929
SUC-008,Waffle Maker,0000000205,Kitchen,2025-07-25,Wright Medical Group N.V.,402.74,304
SUC-024,Organic Black Rice,0000000206,Food - Grains,2026-12-21,"Echo Global Logistics, Inc.",635.55,799
SUC-006,Herbed Goat Cheese,0000000207,Food - Cheese,2025-12-28,Westlake Chemical Corporation,980.88,799
SUC-020,Honey Butter Popcorn,0000000208,Food - Snacks,2026-03-16,Phoenix New Media Limited,56.67,162
SUC-030,Coconut Granola,0000000209,Food - Snacks,2026-03-30,"Tempur Sealy International, Inc.",942.43,923
SUC-017,Cranberry Almond Granola,0000000210,Food - Breakfast,2025-05-17,"Diamond Hill Investment Group, Inc.",304.45,433
SUC-002,Yoga Strap,0000000211,Fitness,2026-08-25,"Digital Realty Trust, Inc.",185.29,451
SUC-011,Garden Vegetable Soup,0000000212,Food - Canned Goods,2026-11-08,Invesco Mortgage Capital Inc.,530.61,29
SUC-025,Grass Fed Beef Patties,0000000213,Food - Meat,2026-10-08,Bank of America Corporation,386.88,427
SUC-018,Bicycle Repair Kit,0000000214,Outdoor,2025-07-11,"Allegiance Bancshares, Inc.",741.77,118
SUC-011,Classic Slim Fit Shirt,0000000215,Clothing - Shirts,2025-08-13,First Trust NASDAQ-100 Equal Weighted Index Fund,863.05,893
SUC-010,Home Brewing Starter Kit,0000000216,Food,2025-04-04,Kadant Inc,40.93,881
SUC-014,Chickpea Pancakes,0000000217,Food - Frozen,2025-07-26,Select Asset Inc.,791.61,453
SUC-028,Vegetarian Sausage Links,0000000218,Food - Meat Substitutes,2026-09-10,Macy's Inc,278.84,25
SUC-005,Sweet Cherry Tomatoes,0000000219,Food - Produce,2026-01-31,UBS AG,397.19,900
SUC-020,Electric Toothbrush,0000000220,Health,2026-06-17,ENSCO plc,283.79,751
SUC-005,A-Line Skirt,0000000221,Clothing - Bottoms,2026-08-13,Hersha Hospitality Trust,985.09,909
SUC-030,Italian Meatballs,0000000222,Food - Meat,2025-09-13,"LegacyTexas Financial Group, Inc.",198.53,640
SUC-021,Sesame Garlic Noodles,0000000223,Food - Pasta,2026-07-25,QUALCOMM Incorporated,206.21,82
SUC-019,Coloring Books for Adults,0000000224,Books,2026-10-06,"PrivateBancorp, Inc.",827.82,342
SUC-030,Underwater Camera,0000000225,Photography,2025-07-27,"Scripps Networks Interactive, Inc",203.36,993
SUC-023,Thermostatic Shower Valve Kit,0000000226,Bathroom,2026-01-30,"NantKwest, Inc.",427.37,322
SUC-021,Dried Mango Slices,0000000227,Food - Snacks,2025-06-17,ABB Ltd,317.8,914
SUC-022,Bamboo Cotton Tank Top,0000000228,Clothing - Tops,2025-10-21,MagnaChip Semiconductor Corporation,348.81,271
SUC-017,Sweet Chili Sauce,0000000229,Food - Condiments,2026-05-02,CYREN Ltd.,128.59,96
SUC-021,Fitbit Activity Tracker,0000000230,Fitness,2025-04-09,Capital Bank Financial Corp.,593.99,842
SUC-004,Herb Garlic Butter,0000000231,Food - Condiments,2026-05-04,Cott Corporation,860.68,600
SUC-027,Veggie Lovers Pizza,0000000232,Food - Frozen Foods,2026-04-08,VictoryShares US Discovery Enhanced Volatility Wtd ETF,47.23,316
SUC-021,Magnetic Phone Car Mount,0000000233,Automotive,2025-12-12,Invesco Senior Income Trust,563.17,986
SUC-005,Smartphone Tripod with Remote,0000000234,Photography,2025-07-01,Community West Bancshares,542.38,189
SUC-006,Gluten-Free Pancake Mix,0000000235,Food - Baking Goods,2026-07-17,"Cardinal Health, Inc.",575.78,390
SUC-009,Chicken Sausage,0000000236,Food - Meat,2025-11-01,"Computer Programs and Systems, Inc.",36.2,479
SUC-022,Tandoori Chicken Marinade,0000000237,Food - Condiments,2026-10-17,Nuveen High Income November 2021 Target Term Fund,208.23,411
SUC-013,Collapsible Pet Dog Bowl,0000000238,Pets,2025-11-14,"Sun Communities, Inc.",197.93,930
SUC-003,Herbal Tea Infuser,0000000239,Kitchen,2026-12-24,Prudential Public Limited Company,944.64,659
SUC-009,Home Cleaning Robot,0000000240,Home Appliances,2025-07-12,"Rambus, Inc.",890.85,944
SUC-004,Digital Kitchen Timer,0000000241,Kitchen,2025-11-08,"Energy XXI Gulf Coast, Inc.",367.63,565
SUC-030,Crispy Chickpeas,0000000242,Food - Snacks,2025-11-23,iShares S&P Emerging Markets Infrastructure Index Fund,917.09,721
SUC-016,Vegan Tacos,0000000243,Food - Frozen Foods,2026-12-27,Forestar Group Inc,119.05,677
SUC-001,Chilli Lime Corn on the Cob,0000000244,Food - Vegetable,2026-03-25,Capital One Financial Corporation,455.52,88
SUC-015,Pesto Pasta Sauce,0000000245,Food - Sauces,2025-12-18,"Prudential Financial, Inc.",439.69,954
SUC-007,Multi-Purpose Plant Care Tool,0000000246,Garden,2025-07-01,Cherry Hill Mortgage Investment Corporation,21.43,411
SUC-003,Rice Cakes,0000000247,Food - Snacks,2026-03-17,"Digital Realty Trust, Inc.",670.19,276
SUC-021,Smart Plug,0000000248,Smart Home,2025-08-30,WisdomTree Middle East Dividend Fund,969.09,54
SUC-023,Chocolate Chip Pancake Mix,0000000249,Food - Bakery,2025-08-24,Hersha Hospitality Trust,92.04,557
SUC-026,Vegetable Spring Rolls,0000000250,Food - Frozen Foods,2025-06-07,American National Insurance Company,650.3,788
SUC-013,Vegetable Lentil Soup,0000000251,Food - Canned Goods,2026-09-09,"Under Armour, Inc.",434.59,939
SUC-026,USB Flash Drive,0000000252,Storage,2026-07-07,Gladstone Investment Corporation,35.6,345
SUC-019,Cherry Almond Protein Bar,0000000253,Food - Snacks,2025-07-07,Summit State Bank,466.19,576
SUC-021,Classic Beef Chili,0000000254,Food - Canned Goods,2026-06-08,First Trust Latin America AlphaDEX Fund,464.56,261
SUC-021,Roasted Garlic Butter,0000000255,Food - Condiments,2026-06-19,Comp En De Mn Cemig ADS,164.77,655
SUC-021,Coconut Cream,0000000256,Food - Baking & Cooking,2026-04-08,First Trust Total US Market AlphaDEX ETF,533.95,45
SUC-017,Organic Ramen Noodles,0000000257,Food - Pasta,2026-08-04,"Prestige Brand Holdings, Inc.",378.76,397
SUC-008,Spinach and Feta Stuffed Chicken Breast,0000000258,Food - Meat,2026-11-23,Pacific Gas & Electric Co.,318.81,948
SUC-008,Pasta Portion Control Measure,0000000259,Kitchen,2026-02-09,Inseego Corp.,391.38,525
SUC-020,Frozen Hash Browns,0000000260,Food - Frozen Foods,2026-09-30,Pentair plc.,560.96,492
SUC-027,Vegetable Lentil Soup,0000000261,Food - Canned Goods,2025-10-26,8point3 Energy Partners LP,949.87,733
SUC-009,Ginger Turmeric Shots,0000000262,Food - Beverages,2026-09-04,PowerShares DWA Tactical Sector Rotation Portfolio,641.94,797
SUC-024,Adjustable Stand for Tablets and Smartphones,0000000263,Electronics,2025-06-17,Steel Partners Holdings LP,568.78,418
SUC-002,Pumpkin Spice Creamer,0000000264,Food - Beverages,2025-08-11,Public Storage,217.04,216
SUC-027,Pet Nail Clipper,0000000265,Pets,2025-09-12,"Superior Energy Services, Inc.",918.08,818
SUC-001,Rice Pilaf Mix,0000000266,Food - Grains,2026-07-09,"Quanta Services, Inc.",986.0,214
SUC-029,Mango Sticky Rice Dessert,0000000267,Food - Frozen Desserts,2025-10-17,Markel Corporation,392.13,927
SUC-009,Electric Rice Cooker,0000000268,Kitchen,2026-07-02,"Customers Bancorp, Inc",921.79,42
SUC-003,Summer Tank Dress,0000000269,Clothing - Dresses,2025-10-16,EPR Properties,931.11,306
SUC-018,Siphon Coffee Maker,0000000270,Kitchen,2025-06-03,"LogMein, Inc.",575.32,262
SUC-015,Smart Home Hub,0000000271,Smart Home,2026-01-07,Citigroup Inc.,89.63,627
SUC-030,Cotton Pajama Set,0000000272,Clothing - Loungewear,2026-06-20,"SkyWest, Inc.",509.47,432
SUC-024,Honey Mustard Dip,0000000273,Food - Condiments,2025-10-22,"China Information Technology, Inc.",414.72,296
SUC-027,Coconut Almond Granola,0000000274,Food - Breakfast,2026-11-27,Dominion Diamond Corporation,99.97,722
SUC-015,Solar Power Bank,0000000275,Electronics,2026-06-18,Marriott International,3.14,639
SUC-028,Nut Mix,0000000276,Food - Snacks,2025-08-10,First Trust Rising Dividend Achievers ETF,296.78,85
SUC-005,BBQ Lentil Chips,0000000277,Food - Snacks,2026-01-09,"Novus Therapeutics, Inc.",824.05,277
SUC-027,Quinoa & Black Bean Salad,0000000278,Food - Salads,2026-11-03,Luminex Corporation,331.99,708
SUC-014,Silicone Cooking Utensils Set,0000000279,Kitchen,2026-07-07,"Odyssey Marine Exploration, Inc.",956.55,243
SUC-008,Trackpad for Laptop,0000000280,Accessories,2026-05-06,eBay Inc.,427.35,937
SUC-021,Californian Raisins,0000000281,Food - Dried Fruits,2026-04-07,"Greenlight Reinsurance, Ltd.",678.3,466
SUC-018,Electric Skillet,0000000282,Kitchen,2025-06-27,"OraSure Technologies, Inc.",652.48,101
SUC-026,Desk Lamp with USB Port,0000000283,Office,2026-02-04,First Trust Eurozone AlphaDEX ETF,903.56,33
SUC-029,Fashionable Scarves Set,0000000284,Clothing,2026-01-03,"American Capital Senior Floating, Ltd.",321.75,758
SUC-011,Sweet Potato Noodles,0000000285,Food - Pasta,2025-08-27,Vornado Realty Trust,651.43,178
SUC-023,Stylish Combat Boots,0000000286,Clothing - Shoes,2025-06-18,Pitney Bowes Inc.,293.59,637
SUC-018,Essential Oil Roller Bottles,0000000287,Health,2025-08-20,Seaspan Corporation,740.21,890
SUC-008,Luxury Rolling Makeup Case,0000000288,Beauty,2026-09-23,"NeuroMetrix, Inc.",754.25,967
SUC-026,Blender Bottle,0000000289,Fitness,2026-10-19,"Universal Stainless & Alloy Products, Inc.",994.56,665
SUC-021,Pumpkin Ice Cream,0000000290,Food - Frozen Foods,2026-06-28,"MKS Instruments, Inc.",585.95,734
SUC-017,Roasted Red Pepper Dip,0000000291,Food - Snacks,2025-10-27,"Stein Mart, Inc.",198.75,949
SUC-002,Almond Flour Brownies,0000000292,Food - Baking,2026-03-24,Annaly Capital Management Inc,946.85,157
SUC-022,Mixed Berry Smoothie Pack,0000000293,Food - Frozen Food,2026-08-19,"Just Energy Group, Inc.",783.43,937
SUC-011,DIY Organic Gardening Kit,0000000294,Garden,2025-08-16,"Medical Properties Trust, Inc.",173.85,847
SUC-028,Chipotle Black Bean Burger,0000000295,Food - Meats,2025-04-25,"Anthem, Inc.",904.32,537
SUC-011,Mango Sticky Rice Dessert,0000000296,Food - Frozen Desserts,2026-02-09,Pingtan Marine Enterprise Ltd.,587.71,47
SUC-019,Herbal Tea Set,0000000297,Food,2025-07-16,Global X Millennials Thematic ETF,504.52,285
SUC-026,Red Lentils,0000000298,Food - Grains,2026-07-24,"The ONE Group Hospitality, Inc.",107.78,442
SUC-005,Frozen Acai Purée,0000000299,Food - Frozen,2026-04-26,Marlin Business Services Corp.,390.4,893
SUC-014,Apple Cinnamon Breakfast Muffins,0000000300,Food - Bakery,2026-12-12,"PIMCO Commercial Mortgage Securities Trust, Inc.",693.05,391
SUC-026,Siphon Coffee Maker,0000000301,Kitchen,2026-03-12,"CHF Solutions, Inc.",723.99,191
SUC-001,Electric Butter Churn,0000000302,Kitchen,2026-11-01,"Southside Bancshares, Inc.",500.55,385
SUC-029,Personalized Pet ID Tags,0000000303,Pets,2026-06-16,"NanoString Technologies, Inc.",694.18,106
SUC-022,Natural Soy Candles,0000000304,Home,2026-05-08,Icahn Enterprises L.P.,377.55,784
SUC-010,Dark Chocolate Almond Butter Cups,0000000305,Food - Snacks,2026-04-12,Companhia Brasileira de Distribuicao,354.97,71
SUC-028,Self-Inflating Camping Mattress,0000000306,Outdoor,2025-05-29,RPM International Inc.,142.58,169
SUC-025,Poppy Seed Dressing,0000000307,Food - Condiments,2026-04-18,"PDL BioPharma, Inc.",813.89,937
SUC-001,Lightweight Rain Jacket,0000000308,Clothing - Outerwear,2025-06-29,"Hudson Pacific Properties, Inc.",947.15,768
SUC-019,Smartphone Hand Grip,0000000309,Accessories,2026-02-23,VictoryShares International Volatility Wtd ETF,285.63,771
SUC-008,Reclining Camping Chair,0000000310,Outdoor,2026-02-04,Fifth Street Finance Corp.,908.58,113
SUC-022,Low-Fat Yogurt,0000000311,Food - Dairy,2026-06-08,Varex Imaging Corporation,329.61,514
SUC-015,Wireless Keyboard and Mouse Combo,0000000312,Electronics,2026-02-20,Chimera Investment Corporation,78.95,23
SUC-007,Herbal Tea Sampler Box,0000000313,Food,2026-11-05,Fairmount Santrol Holdings Inc.,785.57,670
SUC-016,Dog Walking Waist Pack,0000000314,Pets,2026-10-10,"Colony NorthStar, Inc.",328.8,353
SUC-011,Gaming Mousepad,0000000315,Gaming,2025-06-11,Data I/O Corporation,359.24,410
SUC-002,Nut Butter Cups,0000000316,Food - Snacks,2025-11-24,Special Opportunities Fund Inc.,503.18,278
SUC-011,Puffed Rice Cake,0000000317,Food - Snacks,2026-01-16,"Willamette Valley Vineyards, Inc.",843.96,429
SUC-003,Two-Tone Windbreaker,0000000318,Clothing - Outerwear,2025-08-08,Vince Holding Corp.,428.85,109
SUC-003,Eco-Friendly Beeswax Wraps,0000000319,Kitchen,2026-06-11,"Ballard Power Systems, Inc.",1.21,722
SUC-020,Rainbow Veggie Chips,0000000320,Food - Snacks,2026-10-27,Citizens Holding Company,577.46,536
SUC-004,Multicolored LED Strip Lights,0000000321,Home,2026-05-02,"J.B. Hunt Transport Services, Inc.",647.34,805
SUC-019,Cotton Tote Bag Set,0000000322,Accessories,2025-06-22,"Safe Bulkers, Inc",585.15,206
SUC-001,Chipotle Seasoning Blend,0000000323,Food - Spices,2026-01-05,Southern Company (The),843.71,833
SUC-002,Smartwatch,0000000324,Wearable Tech,2026-11-06,Northwest Natural Gas Company,536.21,337
SUC-018,Yoga Wheel,0000000325,Fitness,2026-08-19,W.R. Berkley Corporation,74.19,357
SUC-009,Adjustable Bar Stools,0000000326,Furniture,2026-07-31,Chesapeake Energy Corporation,816.91,86
SUC-012,Outdoor Adventure Kit,0000000327,Outdoor,2025-12-11,Berkshire Hathaway Inc.,187.07,919
SUC-006,High-Speed HDMI Cable,0000000328,Electronics,2025-08-05,First Trust United Kingdom AlphaDEX Fund,873.19,61
SUC-016,Fruit and Nut Energy Bites,0000000329,Food - Snacks,2026-12-14,"Smart Sand, Inc.",464.0,364
SUC-008,Ceramic Planter Set,0000000330,Home,2026-05-22,Horizons DAX Germany ETF,199.73,165
SUC-005,Maple Almond Granola,0000000331,Food - Breakfast,2025-11-01,Nuveen Core Equity Alpha Fund,550.77,429
SUC-017,Puffer Winter Coat,0000000332,Clothing - Outerwear,2026-02-06,Altra Industrial Motion Corp.,127.42,291
SUC-016,Electric Toothbrush,0000000333,Health,2025-05-14,"Equus Total Return, Inc.",688.71,98
SUC-006,Cheesy Broccoli Soup Mix,0000000334,Food - Soups,2026-10-18,"Web.com Group, Inc.",7.07,249
SUC-028,Frozen Vegetarian Pizza,0000000335,Food - Frozen Meals,2026-04-23,"GoPro, Inc.",337.73,486
SUC-029,Portable Projector,0000000336,Electronics,2026-08-19,"Entergy Arkansas, Inc.",31.37,911
SUC-028,Travel Organizer,0000000337,Travel,2025-09-24,Bank of America Corporation,787.85,457
SUC-018,Yoga Wheel,0000000338,Fitness,2026-06-06,"Bio-Rad Laboratories, Inc.",41.43,582
SUC-029,Spice Rack,0000000339,Kitchen,2026-11-23,Apollo Tactical Income Fund Inc.,60.74,997
SUC-008,Smart Home Hub,0000000340,Smart Home,2025-06-17,Gol Linhas Aereas Inteligentes S.A.,838.23,686
SUC-017,Emergency Preparedness Kit,0000000341,Safety,2025-12-08,"Franklin Resources, Inc.",611.77,507
SUC-018,Lentil Soup (canned),0000000342,Food - Canned Goods,2026-02-22,"BWX Technologies, Inc.",328.6,972
SUC-007,Pineapple Salsa,0000000343,Food - Condiments,2025-11-03,Hershey Company (The),65.68,484
SUC-030,Indestructible Dog Toy,0000000344,Pets,2025-06-19,Flaherty & Crumrine Preferred Income Opportunity Fund Inc,558.11,85
SUC-001,Arcade Game Machine,0000000345,Gaming,2025-09-16,"Akebia Therapeutics, Inc.",996.32,442
SUC-009,Savory Mushroom Risotto,0000000346,Food - Gourmet Rice,2025-08-01,"Digiliti Money Group, Inc.",110.31,630
SUC-004,Face Mask Set,0000000347,Health,2026-11-22,Wells Fargo & Company,541.87,449
SUC-026,LED Strip Light Kit,0000000348,Home,2026-11-04,"Insys Therapeutics, Inc.",548.49,320
SUC-025,Oatmeal Raisin Cookies,0000000349,Food - Baked Goods,2026-02-18,"Penn National Gaming, Inc.",109.86,651
SUC-028,Savory Oatmeal Cups,0000000350,Food - Breakfast,2025-08-03,Meridian Bioscience Inc.,473.35,549
SUC-023,Banana Peanut Butter Smoothie,0000000351,Food - Frozen Foods,2026-03-02,Resource Capital Corp.,766.59,191
SUC-020,LED Makeup Mirror,0000000352,Beauty,2026-09-08,"Allied Motion Technologies, Inc.",427.15,76
SUC-018,Cream Cheese,0000000353,Food - Dairy,2025-06-04,"FRP Holdings, Inc.",79.2,304
SUC-010,Compact Shoe Rack,0000000354,Home,2025-10-05,VSE Corporation,861.03,579
SUC-011,Smartphone Projector,0000000355,Electronics,2026-03-21,"Eldorado Resorts, Inc.",643.6,516
SUC-006,Two-Tone Windbreaker,0000000356,Clothing - Outerwear,2026-08-31,Gorman-Rupp Company (The),48.4,369
SUC-016,Chocolate Avocado Pudding,0000000357,Food - Desserts,2026-10-08,"AAON, Inc.",608.26,643
SUC-025,Sweet Potato Fries,0000000358,Food - Frozen Foods,2025-09-10,Female Health Company (The),223.66,69
SUC-026,Basil Pesto Pasta,0000000359,Food - Prepared Meals,2025-10-25,"Madrigal Pharmaceuticals, Inc.",970.76,740
SUC-021,Fruit & Nut Trail Mix,0000000360,Food - Snacks,2025-04-15,AGNC Investment Corp.,879.91,876
SUC-013,Indoor Grill,0000000361,Kitchen,2026-02-20,Cerner Corporation,218.71,753
SUC-021,Peanut Butter Cookies,0000000362,Food - Bakery,2026-12-27,BB&T Corporation,95.77,543
SUC-001,Cinnamon Sugar Donuts,0000000363,Food - Bakery,2025-07-13,"Assembly Biosciences, Inc.",607.3,626
SUC-027,Organic Quinoa,0000000364,Food - Grains,2026-02-20,Eaton vance Floating-Rate Income Plus Fund,98.7,549
SUC-024,Herbal Tea Variety Pack,0000000365,Food - Beverages,2026-02-02,Virtusa Corporation,803.65,12
SUC-007,Honey-Balsamic Vinaigrette,0000000366,Food - Dressing,2026-02-11,Kemet Corporation,529.73,321
SUC-005,Vegan Tacos,0000000367,Food - Frozen Foods,2026-06-14,J P Morgan Chase & Co,171.67,444
SUC-018,Ground Turkey,0000000368,Food - Meat,2025-08-10,"Royal Gold, Inc.",942.56,463
SUC-026,Organic Coconut Water,0000000369,Food - Beverages,2026-05-26,PowerShares Optimum Yield Diversified Commodity Strategy No K-,803.02,113
SUC-024,Pineapple Coconut Yogurt,0000000370,Food - Dairy,2026-07-23,General Electric Capital Corporation,665.62,477
SUC-022,Board Game,0000000371,Toys,2025-05-02,CorVel Corp.,60.0,294
SUC-020,Thai Peanut Noodles,0000000372,Food - Pasta,2026-06-21,Peregrine Pharmaceuticals Inc.,149.75,248
SUC-029,Cotton Basic Tank,0000000373,Clothing - Tops,2026-10-18,"Provident Financial Holdings, Inc.",933.04,773
SUC-010,Pet Carrier Backpack,0000000374,Pets,2026-06-18,Innospec Inc.,37.82,628
SUC-021,Smoky BBQ Jackfruit,0000000375,Food - Grocery,2025-08-09,"TJX Companies, Inc. (The)",802.26,798
SUC-027,Watering Can with Nozzle,0000000376,Garden,2025-04-25,Fiduciary/Claymore MLP Opportunity Fund,956.29,9
SUC-004,Cork Yoga Mat,0000000377,Fitness,2026-07-05,"REV Group, Inc.",330.5,730
SUC-028,Weighted Blanket,0000000378,Health,2025-09-22,Acadia Realty Trust,746.62,272
SUC-017,Pet Hair Vacuum Cleaner Attachment,0000000379,Pets,2026-01-02,"Interactive Brokers Group, Inc.",833.5,503
SUC-022,Chocolate Coconut Protein Balls,0000000380,Food - Snacks,2026-09-27,"Hennessy Advisors, Inc.",886.32,981
SUC-020,Maple Chipotle Glaze,0000000381,Food - Condiments,2026-02-24,"Superior Energy Services, Inc.",594.59,427
SUC-019,Men's Waterproof Hiking Boots,0000000382,Footwear,2026-11-11,"Valhi, Inc.",335.27,463
SUC-026,Vintage Button-Down Shirt,0000000383,Clothing - Shirts,2026-12-27,Vertex Pharmaceuticals Incorporated,775.01,70
SUC-003,Pasta Maker Machine,0000000384,Kitchen,2025-12-17,Allstate Corporation (The),578.06,538
SUC-012,Pet Training Pads,0000000385,Pets,2026-02-07,Columbus McKinnon Corporation,670.17,867
SUC-001,Floral Wrap Top,0000000386,Clothing - Tops,2026-09-01,Forestar Group Inc,97.57,99
SUC-013,Electric Rice Cooker,0000000387,Kitchen,2025-07-08,PowerShares Variable Rate Investment Grade Portfolio,576.87,997
SUC-005,Dark Chocolate Covered Almonds,0000000388,Food - Snacks,2026-04-18,"Sound Financial Bancorp, Inc.",51.99,633
SUC-010,Electric Toothbrush,0000000389,Health,2025-12-16,"American Axle & Manufacturing Holdings, Inc.",746.45,914
SUC-017,Vanilla Almond Granola,0000000390,Food - Breakfast,2025-04-27,Convergys Corporation,85.95,371
SUC-004,Honey BBQ Ribs,0000000391,Food - Meat,2025-08-16,"Dominion Energy, Inc.",176.09,654
SUC-030,Oversized Denim Shirt,0000000392,Clothing - Shirts,2026-08-24,"Meridian Bancorp, Inc.",983.98,862
SUC-027,Two-Tier Fruit Basket,0000000393,Home,2026-08-11,"NxStage Medical, Inc.",141.38,732
SUC-009,Fruit & Nut Trail Mix,0000000394,Food - Snacks,2025-10-16,Peoples Financial Corporation,331.0,249
SUC-026,Organic Tomato Ketchup,0000000395,Food - Condiments,2026-06-02,"Cadiz, Inc.",154.38,852
SUC-029,Teriyaki Beef Jerky,0000000396,Food - Snacks,2025-06-03,Sabine Royalty Trust,490.98,52
SUC-012,Wrap Front Midi Skirt,0000000397,Clothing - Bottoms,2026-10-23,Dana Incorporated,745.89,492
SUC-012,Dog Training Whistle,0000000398,Pets,2026-11-12,Eagle Point Credit Company Inc.,231.67,653
SUC-020,Apple Cinnamon Oatmeal,0000000399,Food - Breakfast,2026-06-22,First Trust Nasdaq Pharmaceuticals ETF,692.74,157
SUC-011,Beef Sirloin Steak,0000000400,Food - Meat,2026-10-10,"NCI, Inc.",445.05,337
SUC-009,Acoustic Guitar,0000000401,Music,2025-11-24,"Parke Bancorp, Inc.",9.5,353
SUC-018,Telescope,0000000402,Outdoor,2026-07-14,"TriNet Group, Inc.",258.27,638
SUC-017,Portable Hammock,0000000403,Outdoor,2026-02-13,Gafisa SA,821.97,880
SUC-014,Striped Long Sleeve Shirt,0000000404,Clothing - Shirts,2026-09-27,ENDRA Life Sciences Inc.,575.04,903
SUC-010,Pet Travel Bowl,0000000405,Pets,2025-06-13,Nuveen Diversified Dividend and Income Fund,541.89,366
SUC-014,Lemon Pepper Seasoning,0000000406,Food - Seasonings,2025-05-21,Hess Corporation,849.31,480
SUC-014,Mini Indoor Hydroponic Garden,0000000407,Garden,2025-10-11,"Bankwell Financial Group, Inc.",148.18,563
SUC-014,Plant Watering Spikes,0000000408,Garden,2026-05-23,"JD.com, Inc.",606.17,523
SUC-007,Granola Clusters,0000000409,Food - Cereal,2025-11-20,"SciClone Pharmaceuticals, Inc.",239.03,274
SUC-025,Kitchen Knife Sharpening System,0000000410,Kitchen,2025-09-10,"Motorcar Parts of America, Inc.",730.02,740
SUC-016,Tomato Paste,0000000411,Food - Canned Goods,2025-08-05,Aegon NV,477.79,487
SUC-019,Strawberry Rhubarb Jam,0000000412,Food - Condiments,2025-12-30,Westwood Holdings Group Inc,835.76,729
SUC-019,Portable Air Compressor,0000000413,Automotive,2025-11-17,"Alder BioPharmaceuticals, Inc.",800.5,206
SUC-021,Matcha Green Tea Powder,0000000414,Food - Beverages,2026-08-14,"PS Business Parks, Inc.",775.47,724
SUC-004,Almond Flour Biscuits,0000000415,Food - Bakery,2026-12-23,"Selective Insurance Group, Inc.",294.44,878
SUC-027,Canned Black Beans,0000000416,Food - Canned Goods,2026-08-29,Reading International Inc,140.9,419
SUC-024,Vegan Protein Powder,0000000417,Health,2026-05-04,Kayne Anderson Acquisition Corp.,142.51,533
SUC-027,Organic Baby Spinach,0000000418,Food - Produce,2026-05-09,Booz Allen Hamilton Holding Corporation,540.03,969
SUC-023,Peach Slices (canned),0000000419,Food - Canned Goods,2026-11-16,Northrop Grumman Corporation,457.07,290
SUC-024,Spicy Thai Coconut Soup,0000000420,Food - Soups,2026-06-24,"Ecology and Environment, Inc.",78.39,551
SUC-010,Wireless Gaming Mouse,0000000421,Gaming,2026-05-19,iShares S&P Global Clean Energy Index Fund,941.83,350
SUC-002,Spicy Avocado Salsa,0000000422,Food - Condiments,2026-01-28,Cyanotech Corporation,897.72,209
SUC-019,Maple Almond Granola,0000000423,Food - Breakfast,2026-08-09,Hamilton Lane Incorporated,842.99,806
SUC-023,Cabbage,0000000424,Food - Produce,2026-03-25,Amdocs Limited,203.37,852
SUC-030,Adjustable Standing Desk,0000000425,Office,2025-08-31,Silicom Ltd,233.6,711
SUC-002,Crispy Tofu Bites,0000000426,Food - Protein,2025-07-28,Duke Energy Corporation,483.56,43
SUC-019,Electric Wax Warmer,0000000427,Home,2025-07-22,Eagle Point Credit Company Inc.,960.91,565
SUC-015,Chicken Salad Kit,0000000428,Food - Prepared Foods,2025-09-28,Zosano Pharma Corporation,35.67,305
SUC-021,Electric Razor,0000000429,Health,2026-11-26,Electronic Arts Inc.,910.88,964
SUC-007,Marinara Sauce,0000000430,Food - Condiments,2025-05-26,"United Bankshares, Inc.",40.3,235
SUC-024,Scent Diffuser Oil,0000000431,Home,2025-06-26,"Ever-Glory International Group, Inc.",459.55,877
SUC-028,High-Top Leather Boots,0000000432,Clothing - Footwear,2025-08-14,Westinghouse Air Brake Technologies Corporation,259.17,249
SUC-002,Mini Cordless Vacuum Cleaner,0000000433,Home Appliances,2025-07-31,"Calumet Specialty Products Partners, L.P.",823.71,950
SUC-028,Travel Makeup Organizer,0000000434,Beauty,2026-08-19,"China Commercial Credit, Inc.",852.64,186
SUC-014,Comfortable Jogger Pants,0000000435,Clothing - Bottoms,2025-08-27,KraneShares CSI China Internet ETF,642.87,786
SUC-029,Sweet Potatoes (organic),0000000436,Food - Vegetables,2026-06-07,Visa Inc.,174.13,934
SUC-014,Gluten-Free Bread,0000000437,Food - Bakery,2025-09-30,Veeva Systems Inc.,335.48,404
SUC-010,Eco-Friendly Beeswax Wraps,0000000438,Kitchen,2025-08-03,NMI Holdings Inc,579.22,148
SUC-001,Dried Mango Slices,0000000439,Food - Snacks,2026-08-13,American Homes 4 Rent,866.01,89
SUC-005,Ice Pack,0000000440,Health,2025-10-09,Eastern Company (The),444.18,854
SUC-005,Wireless Gaming Headset,0000000441,Gaming,2025-11-10,"Aspen Aerogels, Inc.",808.31,890
SUC-022,Orange Ginger Vinaigrette,0000000442,Food - Condiments,2026-10-28,Albany International Corporation,776.44,453
SUC-024,Summer Tank Dress,0000000443,Clothing - Dresses,2026-02-05,MSG Networks Inc.,426.66,773
SUC-012,Berry Smoothie Mix,0000000444,Food - Frozen Foods,2025-09-08,Nuveen Municipal Credit Income Fund,998.6,661
SUC-014,Maple Chipotle Glaze,0000000445,Food - Condiments,2026-01-03,Adtalem Global Education Inc.,257.27,888
SUC-017,Pet Grooming Kit,0000000446,Pets,2025-11-29,"Arch Coal, Inc.",908.28,496
SUC-011,Handmade Wooden Utensil Set,0000000447,Kitchen,2026-08-08,"NeuroMetrix, Inc.",579.89,255
SUC-020,Inflatable Paddle Board,0000000448,Outdoor,2025-05-30,"Protagonist Therapeutics, Inc.",667.72,623
SUC-021,Peach Salsa,0000000449,Food - Dips,2026-07-01,Legg Mason Low Volatility High Dividend ETF,267.24,398
SUC-006,Backpacking Tent,0000000450,Outdoor,2026-10-15,"Civista Bancshares, Inc. ",53.98,726
SUC-008,Noise-Canceling Headphones,0000000451,Audio,2026-07-27,Teekay Offshore Partners L.P.,593.4,740
SUC-018,Organic Coconut Water,0000000452,Food - Beverages,2025-11-05,TransMontaigne Partners L.P.,822.33,142
SUC-018,Ultraviolet Phone Sanitizer,0000000453,Health,2025-08-10,"Aberdeen Singapore Fund, Inc.",517.79,895
SUC-003,Adjustable Dog Harness,0000000454,Pets,2026-07-17,Wells Fargo & Company,1.16,262
SUC-005,Phone Case,0000000455,Accessories,2025-06-24,"PC-Tel, Inc.",614.06,126
SUC-012,Sea Salt Tortilla Chips,0000000456,Food - Snacks,2025-05-12,"World Point Terminals, LP",418.94,175
SUC-001,Fitness Smartwatch,0000000457,Wearable Tech,2026-04-22,"Cempra, Inc.",501.49,578
SUC-001,Sesame Seeds,0000000458,Food - Baking,2026-01-03,Sharps Compliance Corp,781.91,532
SUC-024,Chocolate Coconut Protein Balls,0000000459,Food - Snacks,2025-06-18,Brookfield Canada Office Properties,40.92,811
SUC-028,LED Strip Light Kit,0000000460,Home,2026-04-15,MutualFirst Financial Inc.,380.42,95
SUC-005,Bamboo Bathtub Caddy,0000000461,Home,2026-04-20,Stantec Inc,613.46,922
SUC-023,Almond Joy Protein Bars,0000000462,Food - Snacks,2026-08-11,"Goldman Sachs Group, Inc. (The)",112.89,81
SUC-024,Bluetooth Shower Speaker,0000000463,Audio,2026-02-28,Microsoft Corporation,46.59,724
SUC-025,Cinnamon Sugar Tortilla Chips,0000000464,Food - Snacks,2026-09-20,"Richardson Electronics, Ltd.",643.36,14
SUC-001,Classic Cheesecake Mix,0000000465,Food - Desserts,2026-04-09,Harmony Merger Corp.,194.73,624
SUC-012,Sweet Potato Noodles,0000000466,Food - Pasta,2026-01-11,National Steel Company,959.63,846
SUC-022,Kids' STEM Robotics Kit,0000000467,Toys,2025-10-25,"Worthington Industries, Inc.",868.24,16
SUC-019,Puffer Winter Coat,0000000468,Clothing - Outerwear,2026-12-21,Nuveen Select Maturities Municipal Fund,157.35,718
SUC-027,Artisan Bread,0000000469,Food - Bakery,2026-06-11,"Collectors Universe, Inc.",163.79,782
SUC-019,Whole Roasted Chicken,0000000470,Food - Meats,2025-09-11,Matlin & Partners Acquisition Corporation,525.66,938
SUC-013,Sweet Potato & Kale Hash,0000000471,Food - Prepared Foods,2025-06-13,"Corvus Pharmaceuticals, Inc.",787.51,969
SUC-029,Honey Ginger Tea,0000000472,Food - Beverages,2026-04-29,Medovex Corp.,876.87,13
SUC-013,Travel Beach Blanket,0000000473,Outdoor,2026-12-29,Nuveen Enhanced Municipal Value Fund,281.09,715
SUC-016,Avocado Oil Mayo,0000000474,Food - Condiments,2025-08-15,"Tivity Health, Inc.",192.09,775
SUC-001,Coconut Chia Seed Pudding,0000000475,Food - Snacks,2026-04-03,Orange,171.98,352
SUC-016,Blueberry Muffin Mix,0000000476,Food - Baking,2026-01-02,Capital One Financial Corporation,494.87,5
SUC-004,Portable Speaker Stand,0000000477,Audio,2025-12-07,China Life Insurance Company Limited,213.77,923
SUC-030,Personal Blender with Travel Cup,0000000478,Kitchen,2025-12-22,Entercom Communications Corporation,157.41,731
SUC-025,Black Olives,0000000479,Food - Canned Goods,2026-01-23,"Aimmune Therapeutics, Inc.",136.92,978
SUC-002,Colorful Post-It Notes Set,0000000480,Office,2025-08-05,Babson Global Short Duration High Yield Fund,709.26,582
SUC-009,Interactive Plush Toy,0000000481,Toys,2025-12-15,Naked Brand Group Inc.,131.88,867
SUC-026,High-Speed Hand Blender,0000000482,Kitchen,2026-09-29,Federal Agricultural Mortgage Corporation,420.45,455
SUC-024,Apple Cinnamon Granola,0000000483,Food - Breakfast,2026-11-29,"Tabula Rasa HealthCare, Inc.",453.47,731
SUC-010,Baked Falafel,0000000484,Food - Vegetarian,2026-10-27,ArcelorMittal,783.09,4
SUC-010,Lemon Garlic Shrimp,0000000485,Food - Seafood,2025-11-13,"Canon, Inc.",304.04,384
SUC-030,Pet Water Fountain with Filtration,0000000486,Pets,2025-10-26,"ExlService Holdings, Inc.",996.01,603
SUC-010,Creamy Garlic Mashed Potatoes,0000000487,Food - Sides,2025-06-10,HSBC Holdings plc,864.83,758
SUC-006,Garlic Butter Sauce,0000000488,Food - Condiments,2026-02-16,"Estee Lauder Companies, Inc. (The)",892.31,256
SUC-005,Frozen Acai Bowl,0000000489,Food - Frozen Foods,2025-06-28,"Weyco Group, Inc.",544.14,174
SUC-018,Balsamic Vinaigrette,0000000490,Food - Dressings,2025-12-20,"Interactive Brokers Group, Inc.",816.13,868
SUC-016,Portable Electric Fan,0000000491,Home,2026-03-20,Pan American Silver Corp.,346.58,897
SUC-010,Inflatable Pool Float,0000000492,Outdoor,2026-09-10,"Sabra Healthcare REIT, Inc.",438.77,989
SUC-020,Basic V-Neck T-Shirt,0000000493,Clothing - Tops,2026-02-25,Belmond Ltd.,56.49,702
SUC-008,Fruit Medley Juice,0000000494,Food - Beverages,2025-11-09,"FRONTEO, Inc.",45.21,520
SUC-024,Lightweight Backpacking Tent,0000000495,Outdoor,2026-01-27,"Catalent, Inc.",589.44,712
SUC-010,Cat Tree,0000000496,Pets,2026-09-25,"Barnes Group, Inc.",489.84,462
SUC-024,Sun-Dried Tomato Pesto,0000000497,Food - Condiments,2026-10-13,"NII Holdings, Inc.",293.62,95
SUC-028,Digital Stopwatch Timer,0000000498,Fitness,2025-06-16,Nuveen Arizona Quality Municipal Income Fund,407.44,3
SUC-022,Insulated Lunch Bag,0000000499,Kitchen,2026-06-15,Liberty Broadband Corporation,368.99,494
SUC-021,Maple Almond Butter,0000000500,Food - Nut Butters,2026-10-29,"Orion Group Holdings, Inc.",82.9,945
SUC-026,Pet Bed,0000000501,Pets,2026-07-19,Anworth Mortgage Asset  Corporation,323.2,414
SUC-021,Durable Hiking Boots,0000000502,Footwear,2026-11-16,ORBCOMM Inc.,216.26,23
SUC-030,Rain Jacket,0000000503,Clothing,2026-03-25,VelocityShares 3x Inverse Silver ETN,354.96,161
SUC-009,Pet Water Fountain,0000000504,Pets,2026-11-18,Landmark Infrastructure Partners LP,315.34,169
SUC-028,Digital Wireless Meat Thermometer,0000000505,Kitchen,2025-04-13,WisdomTree Emerging Markets Consumer Growth Fund,781.17,725
SUC-030,Sun-Dried Tomato Pesto,0000000506,Food - Condiments,2026-02-09,"PCM, Inc.",20.58,776
SUC-009,Foam Roller for Muscle Recovery,0000000507,Fitness,2026-04-23,Lindblad Expeditions Holdings Inc. ,512.87,164
SUC-002,Compressed Towel Tablets,0000000508,Travel,2026-12-29,Duke Realty Corporation,597.34,344
SUC-009,Water Bottle,0000000509,Fitness,2026-01-02,PowerShares DWA Consumer Staples Momentum Portfolio,954.81,904
SUC-002,Low-Fat Cottage Cheese,0000000510,Food - Dairy,2026-11-25,Zion Oil & Gas Inc,247.1,922
SUC-007,Travel Mug with Leak-Proof Lid,0000000511,Kitchen,2025-08-19,Ares Capital Corporation,623.18,256
SUC-019,Basic V-Neck T-Shirt,0000000512,Clothing - Tops,2026-09-18,McClatchy Company (The),73.34,553
SUC-017,Fitbit Activity Tracker,0000000513,Fitness,2025-07-15,FlexShares Credit-Scored US Long Corporate Bond Index Fund,865.72,676
SUC-020,High-Top Leather Boots,0000000514,Clothing - Footwear,2026-06-28,China Mobile (Hong Kong) Ltd.,737.08,53
SUC-027,Maple Chipotle Glaze,0000000515,Food - Condiments,2025-05-15,"NextEra Energy, Inc.",28.49,918
SUC-019,Plant Growing Kit,0000000516,Garden,2025-05-11,Coty Inc.,420.87,216
SUC-002,Chocolate Chip Energy Balls,0000000517,Food - Snacks,2025-12-11,DarioHealth Corp.,383.28,450
SUC-026,Mechanical Keyboard,0000000518,Computers,2026-11-15,Matlin & Partners Acquisition Corporation,317.64,368
SUC-019,Solar String Lights,0000000519,Outdoor,2026-07-28,Monmouth Real Estate Investment Corporation,869.5,825
SUC-018,Avocado Oil Mayo,0000000520,Food - Condiments,2026-04-16,Valley National Bancorp,510.4,956
SUC-025,Pork Chops,0000000521,Food - Meat,2026-07-24,Yamana Gold Inc.,159.48,562
SUC-022,Electric Wax Warmer,0000000522,Home,2026-06-17,"Colony NorthStar, Inc.",313.49,217
SUC-010,Trackpad for Laptop,0000000523,Accessories,2026-01-09,First Trust,297.71,751
SUC-011,Eco-Friendly Yoga Blocks,0000000524,Fitness,2025-04-10,"United Dominion Realty Trust, Inc.",171.26,852
SUC-002,Picnic Blanket,0000000525,Outdoor,2025-11-17,"DASAN Zhone Solutions, Inc.",946.96,767
SUC-020,Gardening Gloves with Claws,0000000526,Garden,2026-10-01,"United Continental Holdings, Inc.",709.35,453
SUC-012,Chocolate Coconut Protein Balls,0000000527,Food - Snacks,2026-06-04,"MFA Financial, Inc.",583.98,836
SUC-019,Herb Seasoned Couscous,0000000528,Food - Grains,2025-09-26,"CRA International,Inc.",459.89,618
SUC-022,Caramel Apple Taffy,0000000529,Food - Confectionery,2026-03-14,"Aevi Genomic Medicine, Inc.",915.25,898
SUC-030,Air Purifier,0000000530,Home,2025-07-08,"Argan, Inc.",894.47,666
SUC-004,Ethically-Sourced Coffee Beans,0000000531,Food - Beverages,2026-03-31,"Dime Community Bancshares, Inc.",249.2,159
SUC-020,Rechargeable Laptop Battery Pack,0000000532,Electronics,2026-08-07,Ameris Bancorp,645.91,43
SUC-014,Kettle BBQ Grill,0000000533,Outdoor,2026-07-08,"MedEquities Realty Trust, Inc.",433.6,812
SUC-024,Honey Graham Crackers,0000000534,Food - Snacks,2026-08-08,"W&T Offshore, Inc.",553.3,60
SUC-027,Garden Tool Set,0000000535,Garden,2026-05-24,"Safe Bulkers, Inc",618.26,518
SUC-015,Wrap Jumpsuit,0000000536,Clothing - Jumpsuits,2025-11-08,"Tandem Diabetes Care, Inc.",676.59,490
SUC-014,Travel Yoga Mat,0000000537,Fitness,2025-07-09,"Model N, Inc.",160.51,648
SUC-004,Smart Water Bottle,0000000538,Fitness,2025-08-05,ORBCOMM Inc.,443.91,246
SUC-011,Men's Waterproof Hiking Boots,0000000539,Footwear,2025-06-20,Arch Capital Group Ltd.,490.8,236
SUC-019,Cinnamon Roll Dough,0000000540,Food - Bakery,2026-05-19,PowerShares DWA Emerging Markets Momentum Portfolio,245.19,216
SUC-008,Italian Sausage and Peppers,0000000541,Food - Meat,2025-07-26,Ocwen Financial Corporation,870.48,765
SUC-010,Vegetable Pizza Rolls,0000000542,Food - Frozen Foods,2026-05-07,Medley Capital Corporation,497.45,683
SUC-008,Inspirational Wall Art,0000000543,Home,2025-12-02,MGE Energy Inc.,887.95,529
SUC-014,Smartphone UV Sanitizer,0000000544,Health,2026-07-14,"CatchMark Timber Trust, Inc.",658.3,265
SUC-018,Vanilla Almond Granola,0000000545,Food - Breakfast,2026-12-02,Nuveen Michigan Quality Municipal Income Fund,207.11,407
SUC-009,Decorative Wall Tapestry,0000000546,Home,2026-04-08,Diversicare Healthcare Services Inc.,28.45,559
SUC-017,Vegan Chocolate Cake Mix,0000000547,Food - Baking,2025-11-13,"Empire Resorts, Inc.",508.08,357
SUC-024,Athletic Sports Bra,0000000548,Clothing - Activewear,2026-08-30,"CSS Industries, Inc.",883.26,667
SUC-030,Wire Shelving Unit,0000000549,Home,2026-05-16,"USA Compression Partners, LP",912.02,713
SUC-007,Robot Vacuum Cleaner,0000000550,Home Appliances,2026-10-02,CBS Corporation,658.16,734
SUC-030,Zesty Garlic Hummus,0000000551,Food - Snacks,2025-08-23,"Stratasys, Ltd.",846.56,102
SUC-016,Self-Adhesive Wallpaper,0000000552,Home,2026-08-27,Resource Capital Corp.,25.01,664
SUC-008,Cinnamon Sugar Tortilla Chips,0000000553,Food - Snacks,2025-12-29,Dynagas LNG Partners LP,413.18,40
SUC-028,Chocolate Syrup,0000000554,Food - Condiments,2025-05-12,U.S. Bancorp,580.67,702
SUC-029,Honey mustard chicken tenders,0000000555,Food - Meat,2025-04-23,"White Mountains Insurance Group, Ltd.",58.85,147
SUC-008,Maple Pecan Granola,0000000556,Food - Breakfast,2025-05-16,First Trust NASDAQ Clean Edge Smart Grid Infrastructure Index ,52.32,488
SUC-003,Handheld Vacuum,0000000557,Home Appliances,2026-01-23,Fuling Global Inc.,950.84,652
SUC-025,Garden Kneeler and Seat,0000000558,Garden,2026-12-20,Regal Beloit Corporation,745.93,330
SUC-005,Wireless Music Receiver,0000000559,Audio,2026-01-31,"Upland Software, Inc.",734.19,564
SUC-020,Interchangeable Watch Bands,0000000560,Accessories,2025-06-13,First Internet Bancorp,725.45,304
SUC-003,Adjustable Kitchen Broom Stand,0000000561,Home,2025-08-24,"Cadiz, Inc.",145.23,694
SUC-017,Vegetable Stir-Fry Sauce,0000000562,Food - Sauces,2026-05-28,PartnerRe Ltd.,401.64,46
SUC-027,Over-the-Door Hooks,0000000563,Home,2026-12-02,XOMA Corporation,177.63,857
SUC-027,Rainbow Veggie Chips,0000000564,Food - Snacks,2026-08-10,Stellus Capital Investment Corporation,950.49,760
SUC-023,Adjustable Skipping Rope,0000000565,Fitness,2025-09-30,United Community Financial Corp.,852.77,195
SUC-020,Coconut Cream,0000000566,Food - Baking & Cooking,2026-05-17,Voya Asia Pacific High Dividend Equity Income Fund,418.25,171
SUC-023,Vintage Button-Down Shirt,0000000567,Clothing - Shirts,2026-05-19,National Fuel Gas Company,89.95,505
SUC-008,Crispy Onion Rings,0000000568,Food - Frozen Foods,2025-05-21,"Oceaneering International, Inc.",664.4,791
SUC-014,Non-Toxic Concrete Sealer,0000000569,Home Improvement,2026-01-23,Ivy NextShares,584.26,509
SUC-013,Vegan Chickpea Salad,0000000570,Food - Prepared Foods,2025-12-18,Prothena Corporation plc,929.35,264
SUC-030,Pumpkin Spice Coffee,0000000571,Food - Beverages,2025-09-16,Blackrock New York Municipal Bond Trust,889.47,284
SUC-004,Roasted Chickpeas,0000000572,Food - Snacks,2026-01-28,"Stag Industrial, Inc.",377.98,313
SUC-015,Silicone Baking Mat Set,0000000573,Kitchen,2025-12-06,"General Mills, Inc.",749.68,885
SUC-004,Insulated Lunch Bag,0000000574,Kitchen,2026-05-06,Horizons NASDAQ-100 Covered Call ETF,761.28,262
SUC-017,Portable Hammock,0000000575,Outdoor,2026-12-21,iShares Nasdaq Biotechnology Index Fund,747.75,518
SUC-028,Couscous,0000000576,Food - Grains,2026-02-14,"Morgan Stanley India Investment Fund, Inc.",375.83,354
SUC-028,Samsung Galaxy Smartwatch,0000000577,Wearable Tech,2026-12-03,LHC Group,414.1,399
SUC-025,Inspirational Wall Art,0000000578,Home,2026-06-20,First Trust/Aberdeen Global Opportunity Income Fund,612.45,784
SUC-020,Spinach Feta Wraps,0000000579,Food - Deli,2025-09-14,"Cross Country Healthcare, Inc.",546.07,634
SUC-017,Electric Razor,0000000580,Health,2026-12-27,AEterna Zentaris Inc.,113.89,100
SUC-021,Dog Car Seat Cover,0000000581,Pets,2026-10-17,Templeton Emerging Markets Fund,543.61,883
SUC-025,Chili Garlic Sauce,0000000582,Food - Condiments,2026-04-06,Washington Prime Group Inc.,917.74,693
SUC-011,Spicy Thai Coconut Soup,0000000583,Food - Soups,2025-12-21,American Tower Corporation (REIT),36.95,827
SUC-017,Pet Travel Backpack Carrier,0000000584,Pets,2026-10-06,"CoStar Group, Inc.",930.42,863
SUC-013,Maple Bacon Jerky,0000000585,Food - Meat,2026-01-22,LaSalle Hotel Properties,309.59,316
SUC-026,Travel Pillow,0000000586,Travel,2026-05-26,"Alaska Communications Systems Group, Inc.",15.67,279
SUC-027,Vacuum Sealer Machine,0000000587,Kitchen,2025-12-11,Templeton Emerging Markets Fund,953.39,610
SUC-005,Watering Can with Nozzle,0000000588,Garden,2025-08-02,Yintech Investment Holdings Limited,773.18,736
SUC-006,Spinach and Cheese Quiche,0000000589,Food - Prepared Meals,2026-03-16,Progressive Corporation (The),934.49,557
SUC-004,Faux Fur Coat,0000000590,Clothing - Coats,2026-10-21,"HCA Healthcare, Inc.",104.75,829
SUC-027,Granola Bars,0000000591,Food - Snacks,2025-09-29,"American National Bankshares, Inc.",579.79,19
SUC-007,Smoky BBQ Jackfruit,0000000592,Food - Grocery,2025-06-06,Prana Biotechnology Ltd,132.64,979
SUC-010,Portable Air Compressor,0000000593,Automotive,2026-02-11,"CASI Pharmaceuticals, Inc.",456.12,956
SUC-024,Honey Ginger Tea,0000000594,Food - Beverages,2025-07-27,Middlefield Banc Corp.,992.57,869
SUC-014,High-Low Hem Tee,0000000595,Clothing - Tops,2025-08-12,"CVR Partners, LP",908.19,450
SUC-020,High-Waisted Skirt,0000000596,Clothing - Bottoms,2025-05-12,Graham Holdings Company,679.71,173
SUC-024,Smart Doorbell,0000000597,Smart Home,2026-02-16,Legg Mason Developed EX-US Diversified Core ETF,711.43,116
SUC-023,Harvest Grain Salad,0000000598,Food - Salads,2025-10-19,"Workday, Inc.",101.01,539
SUC-019,Cream Cheese,0000000599,Food - Dairy,2025-05-07,Wells Fargo & Company,379.93,934
SUC-018,Chocolate Chip Cookie Dough,0000000600,Food - Baking,2025-08-26,Finisar Corporation,26.29,529
SUC-001,Smart Thermostat with Wi-Fi,0000000601,Smart Home,2026-08-25,"VistaGen Therapeutics, Inc.",43.66,65
SUC-024,Digital Drawing Tablet,0000000602,Art Supplies,2025-06-28,Terreno Realty Corporation,574.76,118
SUC-029,Roasted Red Pepper Dip,0000000603,Food - Snacks,2026-11-02,S&W Seed Company,487.25,28
SUC-028,Feta Cheese,0000000604,Food - Dairy,2025-11-08,"Monster Digital, Inc.",472.83,843
SUC-015,Honey Ginger Tea,0000000605,Food - Beverages,2026-10-29,"Castlight Health, inc.",369.79,660
SUC-002,Board Game Storage,0000000606,Toys,2026-03-30,"Value Line, Inc.",915.1,581
SUC-006,Honey Sesame Chicken,0000000607,Food - Frozen Food,2026-12-12,"Sonic Foundry, Inc.",847.2,428
SUC-027,Organic Chia Seeds,0000000608,Food - Health Foods,2026-12-01,Dividend and Income Fund,578.92,480
SUC-014,Quinoa Salad,0000000609,Food - Prepared Foods,2026-04-07,"General American Investors, Inc.",868.09,591
SUC-015,Mini Hand Gesture Drone,0000000610,Toys,2026-11-18,Antero Midstream Partners LP,212.64,48
SUC-030,Folding Exercise Bike,0000000611,Fitness,2025-06-15,"First Financial Bankshares, Inc.",142.4,659
SUC-016,Travel Document Organizer,0000000612,Travel,2026-05-11,"Columbia Property Trust, Inc.",664.61,862
SUC-011,Warm Wool Sweater,0000000613,Clothing - Tops,2025-04-13,Leucadia National Corporation,576.31,367
SUC-001,Ceramic Cookware Set,0000000614,Kitchen,2026-08-09,Jazz Pharmaceuticals plc,289.76,575
SUC-003,Thai Green Curry Paste,0000000615,Food - Sauces,2025-10-02,Kennedy-Wilson Holdings Inc.,480.61,154
SUC-007,Kids Tablet,0000000616,Electronics,2026-03-01,Newtek Business Services Corp.,989.66,524
SUC-008,Handmade Leather Wallet,0000000617,Accessories,2025-04-12,PAR Technology Corporation,309.18,467
SUC-018,Fried Rice,0000000618,Food - Frozen Foods,2025-04-04,Titan Machinery Inc.,971.55,756
SUC-005,Noise Reduction Headphones,0000000619,Audio,2025-10-28,"Westar Energy, Inc.",837.99,712
SUC-004,Travel Laundry Bag,0000000620,Travel,2026-11-12,BlackRock Energy and Resources Trust,374.15,365
SUC-003,Puffed Rice Cake,0000000621,Food - Snacks,2025-05-23,Ohio Valley Banc Corp.,631.87,134
SUC-012,Peach Slices (canned),0000000622,Food - Canned Goods,2026-05-01,Bank of America Corporation,461.12,820
SUC-004,Whipped Cream Cheese,0000000623,Food - Dairy,2026-05-12,"Corvus Pharmaceuticals, Inc.",956.52,798
SUC-019,Organic Black Bean Burger,0000000624,Food - Frozen Foods,2026-09-05,Pitney Bowes Inc.,596.09,241
SUC-030,Pet Water Bottle,0000000625,Pets,2026-10-12,Gabelli Dividend,288.93,663
SUC-001,Berries Medley,0000000626,Food - Produce,2026-02-21,"Agios Pharmaceuticals, Inc.",657.26,692
SUC-003,Wooden Puzzle Game,0000000627,Toys,2026-08-30,"John Wiley & Sons, Inc.",427.17,521
SUC-027,Homestyle Chicken Noodle Soup,0000000628,Food - Canned Goods,2026-11-24,"Natural Gas Services Group, Inc.",256.05,694
SUC-015,Mini Projector for Smartphones,0000000629,Electronics,2026-11-08,Swift Transportation Company,724.14,685
SUC-027,Ginger Turmeric Latte Mix,0000000630,Food - Beverages,2025-06-30,Olin Corporation,235.29,799
SUC-009,Rolling Cooler,0000000631,Outdoor,2025-05-17,Davis Select Worldwide ETF,8.17,962
SUC-030,Maple Cinnamon Granola Bars,0000000632,Food - Snacks,2026-11-30,Cesca Therapeutics Inc.,5.07,352
SUC-023,Tuscan Bean Soup,0000000633,Food - Canned Goods,2026-07-28,Realty Income Corporation,906.64,955
SUC-005,Caramel Sauce,0000000634,Food - Condiments,2026-11-28,Stratus Properties Inc.,106.48,56
SUC-012,Smoked Paprika Chicken Thighs,0000000635,Food - Meat,2026-02-21,Public Storage,355.23,918
SUC-024,Chili Garlic Sauce,0000000636,Food - Condiments,2025-08-20,"Merrill Lynch & Co., Inc.",795.35,517
SUC-007,Pesto Pasta Sauce,0000000637,Food - Sauces,2025-06-24,Cerus Corporation,339.16,401
SUC-005,Electric Toothbrush Holder,0000000638,Health,2025-07-08,"SilverSun Technologies, Inc.",64.84,899
SUC-001,Bodyweight Resistance Bands,0000000639,Fitness,2025-05-10,Saban Capital Acquisition Corp.,778.5,663
SUC-019,Fitness Tracker with Heart Rate Monitor,0000000640,Fitness,2026-06-24,DAVIDsTEA Inc.,324.15,266
SUC-003,Smartphone Tripod,0000000641,Photography,2025-05-12,Moody's Corporation,741.34,205
SUC-022,Smart Home Security Camera,0000000642,Smart Home,2026-07-03,ENSCO plc,315.46,693
SUC-010,Lemon Pepper Seasoning,0000000643,Food - Seasonings,2025-11-21,Comp En De Mn Cemig ADS,579.46,877
SUC-006,Rechargeable Battery Organizer,0000000644,Home,2026-02-21,Medigus Ltd.,676.88,544
SUC-022,Electric Fondue Pot,0000000645,Kitchen,2025-10-10,"Wal-Mart Stores, Inc.",507.65,670
SUC-015,Kettle BBQ Grill,0000000646,Outdoor,2026-02-25,VictoryShares Emerging Market Volatility Wtd ETF,164.67,40
SUC-012,Digital Wireless Meat Thermometer,0000000647,Kitchen,2025-07-07,Alcentra Capital Corp.,436.47,36
SUC-017,Luxury Bath Salts,0000000648,Beauty,2026-09-29,Western Asset Global High Income Fund Inc,966.25,815
SUC-014,Pet Carrier,0000000649,Pets,2025-09-04,"NeuroMetrix, Inc.",432.31,488
SUC-013,Lightweight Travel Backpack,0000000650,Travel,2026-05-18,Zions Bancorporation,493.73,233
SUC-004,Sour Cream,0000000651,Food - Dairy,2025-05-22,TravelCenters of America LLC,918.14,30
SUC-006,Vegetable Broth,0000000652,Food - Canned Goods,2025-05-20,BP p.l.c.,473.85,702
SUC-010,Leather Notebook Cover,0000000653,Office,2025-10-10,Barclays Inverse US Treasury Composite ETN,114.03,394
SUC-007,Brownie Bites,0000000654,Food - Baked Goods,2025-04-27,Alleghany Corporation,871.64,322
SUC-016,Classic Pesto Sauce,0000000655,Food - Sauces,2025-04-19,Nuveen Tax-Advantaged Dividend Growth Fund,130.6,553
SUC-018,Ginger Snaps,0000000656,Food - Confectionery,2026-09-16,RPM International Inc.,519.5,193
SUC-025,Honey Lemon Tea,0000000657,Food - Beverages,2025-04-23,PPlus Trust,282.8,44
SUC-010,Oven Mitts with Pocket,0000000658,Kitchen,2026-10-16,Terreno Realty Corporation,949.43,261
SUC-005,Pasta Maker,0000000659,Kitchen,2026-06-28,"Mohawk Industries, Inc.",610.44,976
SUC-003,Carrot Sticks,0000000660,Food - Produce,2026-10-05,China Finance Online Co. Limited,398.27,129
SUC-003,Hand Crank Blender,0000000661,Kitchen,2025-09-17,Crawford & Company,286.83,757
SUC-004,Indoor Plants,0000000662,Garden,2025-10-20,"Saul Centers, Inc.",395.89,864
SUC-021,Foot Massager Machine,0000000663,Health,2025-04-16,"Jaguar Animal Health, Inc.",440.35,198
SUC-004,Honey mustard chicken tenders,0000000664,Food - Meat,2025-04-03,Deluxe Corporation,64.39,335
SUC-010,Multifunctional Baby Bottle Warmer,0000000665,Baby,2025-04-20,Research Frontiers Incorporated,522.45,546
SUC-014,Peanut Butter Banana Smoothie Mix,0000000666,Food - Beverages,2025-12-30,Putnam Premier Income Trust,135.89,422
SUC-020,Craft Beer Mustard,0000000667,Food - Condiments,2026-01-29,Repligen Corporation,585.7,73
SUC-012,Mechanical Keyboard,0000000668,Computers,2026-02-03,REGENXBIO Inc.,367.0,745
SUC-025,Organic Coconut Flakes,0000000669,Food - Baking,2026-07-02,"OncoMed Pharmaceuticals, Inc.",110.32,893
SUC-028,Kids Tablet,0000000670,Electronics,2026-11-11,Elmira Savings Bank NY (The),170.1,220
SUC-014,Herb Garden Planter Box,0000000671,Garden,2025-04-15,ESSA Pharma Inc.,623.04,109
SUC-024,Set of Gardening Gloves with Claws,0000000672,Garden,2026-06-13,"Dollar Tree, Inc.",906.68,297
SUC-004,Smashed Avocado with Lime,0000000673,Food - Condiments,2026-11-09,CBRE Clarion Global Real Estate Income Fund,158.08,181
SUC-004,Infrared Thermometer Gun,0000000674,Health,2025-11-01,The Middleby Corporation,652.99,730
SUC-003,Chocolate Coconut Granola,0000000675,Food - Cereals,2025-05-03,Virtusa Corporation,211.29,939
SUC-015,Crispy Rice Treats,0000000676,Food - Snacks,2026-11-02,General Dynamics Corporation,628.29,5
SUC-023,Cold Brew Coffee Maker,0000000677,Kitchen,2026-11-26,Vedanta  Limited,613.47,193
SUC-012,Sunglasses Case,0000000678,Accessories,2025-05-30,Travelzoo,602.67,96
SUC-020,Roasted Red Pepper Sauce,0000000679,Food - Sauces,2026-07-01,Legg Mason Emerging Markets Diversified Core ETF,242.48,287
SUC-015,Bluetooth Headphones,0000000680,Audio,2025-09-22,"PrivateBancorp, Inc.",796.59,930
SUC-022,Balsamic Vinaigrette,0000000681,Food - Dressings,2026-05-31,"W.W. Grainger, Inc.",133.45,208
SUC-014,Sesame Oil,0000000682,Food - Oils & Vinegars,2025-05-05,"Reis, Inc",767.24,735
SUC-006,Vegetarian Chili,0000000683,Food - Canned Goods,2026-10-08,Managed Duration Investment Grade Municipal Fund,337.98,804
SUC-008,Electronic Drum Kit,0000000684,Music,2026-08-11,"Innovative Solutions and Support, Inc.",953.42,6
SUC-007,Breathable Face Mask Set,0000000685,Health,2026-04-02,Scudder Multi-Market Income Trust,694.71,470
SUC-006,Cucumber Lime Sparkling Water,0000000686,Food - Beverages,2025-09-24,Norwood Financial Corp.,137.43,981
SUC-007,Wireless Mouse,0000000687,Electronics,2026-08-23,Amgen Inc.,545.38,189
SUC-009,Camera Lens Cleaning Kit,0000000688,Photography,2026-12-23,J P Morgan Chase & Co,564.55,598
SUC-016,Adjustable Pet Feeder,0000000689,Pets,2026-03-24,Systemax Inc.,121.27,408
SUC-028,Toasted Coconut Granola,0000000690,Food - Breakfast,2026-11-21,FlexShares STOXX Global ESG Impact Index Fund,573.94,489
SUC-003,Organic Quinoa Salad,0000000691,Food - Prepared Meals,2026-08-02,Carnival Corporation,477.47,742
SUC-001,Chocolate Hazelnut Granola,0000000692,Food - Cereal,2026-05-02,Bioverativ Inc.,994.54,986
SUC-020,Coconut Chia Seed Pudding,0000000693,Food - Snacks,2026-04-27,"Willamette Valley Vineyards, Inc.",742.87,598
SUC-016,Balsamic Salad Dressing,0000000694,Food - Deli,2026-09-05,"New York Mortgage Trust, Inc.",428.82,800
SUC-023,Foldable Picnic Table,0000000695,Outdoor,2025-06-04,GATX Corporation,777.89,687
SUC-021,Walnut Halves,0000000696,Food - Nuts,2026-12-07,iPath US Treasury 2-year Bull ETN,361.52,957
SUC-019,Essential Oils Diffuser Necklace,0000000697,Health,2025-05-03,"Ollie's Bargain Outlet Holdings, Inc.",818.92,899
SUC-018,Feta Cheese Crumbles,0000000698,Food - Dairy,2026-02-04,Optibase Ltd.,878.81,449
SUC-004,Shatterproof Wine Glasses,0000000699,Outdoor,2025-12-14,"Banco Latinoamericano de Comercio Exterior, S.A.",107.88,962
SUC-001,Multi-Cooker,0000000700,Kitchen,2026-10-01,WisdomTree United Kingdom Hedged Equity Fund,130.76,147
SUC-007,Cinnamon Sugar Donuts,0000000701,Food - Bakery,2026-07-19,"Gamco Investors, Inc.",240.76,690
SUC-005,Savory Rice Cakes,0000000702,Food - Snacks,2025-05-07,Arthur J. Gallagher & Co.,221.37,543
SUC-002,Smart Plug,0000000703,Smart Home,2025-10-12,"Yum China Holdings, Inc.",882.57,271
SUC-007,Chocolate Chip Cookie Dough,0000000704,Food - Baking,2025-08-29,Ultragenyx Pharmaceutical Inc.,206.2,157
SUC-030,Cauliflower Pizza Crust,0000000705,Food - Frozen Foods,2026-08-18,"Perma-Pipe International Holdings, Inc.",719.57,807
SUC-017,Portable Folding Picnic Table,0000000706,Outdoor,2026-09-15,United States Cellular Corporation,582.63,930
SUC-029,BBQ Jackfruit,0000000707,Food - Prepared Foods,2025-12-23,Peapack-Gladstone Financial Corporation,593.22,917
SUC-006,Barbecue Chicken Pizza,0000000708,Food - Frozen Foods,2025-11-11,R1 RCM Inc.,229.1,110
SUC-008,Portable UV Sterilizer,0000000709,Health,2026-02-11,CONSOL Energy Inc.,165.98,680
SUC-024,Fashionable Scarves Set,0000000710,Clothing,2025-08-25,SLM Corporation,132.92,764
SUC-030,Sweet BBQ Dipping Sauce,0000000711,Food - Condiments,2025-06-26,Sony Corp Ord,772.4,640
SUC-020,Handheld Shower Head,0000000712,Bathroom,2026-12-21,"Sigma Designs, Inc.",967.77,11
SUC-024,Cheddar & Bacon Potato Skins,0000000713,Food - Frozen,2025-10-20,"1347 Property Insurance Holdings, Inc.",768.86,105
SUC-028,Rustic Italian Bread,0000000714,Food - Bakery,2026-03-01,"Anthem, Inc.",740.82,467
SUC-008,Camera Lens Cleaning Kit,0000000715,Photography,2025-06-04,Capella Education Company,833.37,902
SUC-021,Floral Summer Dress,0000000716,Clothing - Dresses,2026-06-13,AllianceBernstein Holding L.P.,653.85,52
SUC-012,Pet Hair Remover,0000000717,Pets,2026-09-07,"NextEra Energy, Inc.",457.98,672
SUC-019,LED Camping Lantern with USB Charging,0000000718,Outdoor,2026-06-24,First Trust Managed Municipal ETF,65.11,61
SUC-026,Hand Crank Blender,0000000719,Kitchen,2026-12-12,"Teladoc, Inc.",290.25,615
SUC-016,Adjustable Laptop Stand,0000000720,Office,2026-07-17,Qwest Corporation,73.54,84
SUC-020,Magnetic Whiteboard,0000000721,Office,2026-08-28,Select Asset Inc.,732.95,3
SUC-012,Cheddar Cheese Crackers,0000000722,Food - Snacks,2026-08-19,ProPetro Holding Corp.,888.58,541
SUC-001,Smartphone Photography Ring Light,0000000723,Photography,2025-11-25,"HopFed Bancorp, Inc.",469.26,634
SUC-012,Window Bird Feeder,0000000724,Outdoor,2026-12-05,Wells Fargo & Company,595.71,74
SUC-001,Air Purifier,0000000725,Home,2026-03-21,Virtus Total Return Fund Inc.,310.28,983
SUC-017,Vanilla Bean Greek Yogurt,0000000726,Food - Dairy,2026-01-15,"Ultra Clean Holdings, Inc.",703.62,854
SUC-006,Electric Heat Press Machine,0000000727,Crafts,2025-09-07,"MabVax Therapeutics Holdings, Inc.",673.81,461
SUC-029,Portable Refrigerator Freezer,0000000728,Outdoor,2026-05-08,"Cullen/Frost Bankers, Inc.",12.91,691
SUC-008,Cookbook,0000000729,Books,2025-10-01,Principal Healthcare Innovators Index ETF,865.54,142
SUC-020,Wild Rice & Quinoa Mix,0000000730,Food - Grains,2025-05-16,"Real Goods Solar, Inc.",444.06,731
SUC-002,Portable Laptop Table,0000000731,Office,2026-02-20,"Calix, Inc",253.48,520
SUC-023,Himalayan Pink Salt,0000000732,Food - Condiments,2025-11-16,Costamare Inc.,68.41,303
SUC-016,Arcade Game Machine,0000000733,Gaming,2025-10-26,"Freightcar America, Inc.",698.94,307
SUC-016,Cordless Electric Screwdriver,0000000734,Tools,2025-06-08,"Gildan Activewear, Inc.",206.72,564
SUC-014,Desk Organizer Set,0000000735,Office,2026-11-22,Bel Fuse Inc.,668.51,829
SUC-024,Fishing Rod,0000000736,Outdoor,2026-11-11,Differential Brands Group Inc.,53.69,468
SUC-023,Frozen Mixed Berries,0000000737,Food - Frozen Foods,2026-10-17,Moelis & Company,578.86,694
SUC-020,Mango Chunks,0000000738,Food - Frozen Fruits,2026-04-03,Aluminum Corporation of China Limited,661.02,175
SUC-001,Vegetable Quinoa Bowl,0000000739,Food - Frozen Meals,2026-06-13,"Evertec, Inc.",382.06,745
SUC-005,Berries Medley,0000000740,Food - Produce,2026-03-26,State Bank Financial Corporation.,750.25,20
SUC-003,Organic Coconut Oil,0000000741,Food - Oils,2026-09-24,Entergy Texas Inc,732.04,536
SUC-019,Sports Water Bottle with Infuser,0000000742,Fitness,2025-09-09,Vulcan Materials Company,417.87,280
SUC-024,Window Blinds,0000000743,Home,2026-02-21,"Uni-Pixel, Inc.",71.37,341
SUC-010,Tomato Sauce,0000000744,Food - Canned Goods,2025-08-19,People's Utah Bancorp,492.24,268
SUC-027,Chicken Salad Kit,0000000745,Food - Prepared Foods,2026-12-24,FedEx Corporation,890.72,312
SUC-015,Magnetic Spice Containers,0000000746,Kitchen,2026-05-18,"Dorchester Minerals, L.P.",251.91,926
SUC-025,Cold Brew Coffee Maker,0000000747,Kitchen,2025-09-30,Quinpario Acquisition Corp. 2,869.76,758
SUC-010,Wireless Charging Pad,0000000748,Accessories,2026-11-14,BlackRock Municipal Target Term Trust Inc. (The),173.35,920
SUC-010,Hot Salsa,0000000749,Food - Dips,2026-11-03,Future FinTech Group Inc.,127.43,689
SUC-006,Portable Air Compressor,0000000750,Automotive,2026-09-18,Dr. Reddy's Laboratories Ltd,418.02,216
SUC-030,Collapsible Storage Crates,0000000751,Home,2026-06-11,Quaker Chemical Corporation,958.95,271
SUC-024,Pumpkin Seeds,0000000752,Food - Snacks,2025-04-09,"TriState Capital Holdings, Inc.",464.27,561
SUC-014,Training Soccer Ball,0000000753,Sports,2026-12-13,"Allied Healthcare Products, Inc.",630.19,617
SUC-017,Fitness Mat,0000000754,Fitness,2026-12-03,Korea Electric Power Corporation,85.31,141
SUC-012,Basmati Rice,0000000755,Food - Grains,2026-02-14,"Fortress Biotech, Inc.",338.17,223
SUC-003,Oven-Baked Sweet Potato Fries,0000000756,Food - Frozen Foods,2025-12-18,Wells Fargo & Company,763.75,30
SUC-011,Portable Solar Path Lights,0000000757,Outdoor,2025-12-09,Comerica Incorporated,196.93,147
SUC-015,Sunglasses,0000000758,Accessories,2025-10-08,Verizon Communications Inc.,294.58,480
SUC-003,Cheddar Cheese Slices,0000000759,Food - Dairy,2026-12-26,Garmin Ltd.,396.71,350
SUC-012,Chocolate Syrup,0000000760,Food - Condiments,2025-05-28,"Waddell & Reed Financial, Inc.",893.1,307
SUC-008,Portable Air Conditioner,0000000761,Home Appliances,2025-11-06,Enel Generacion Chile S.A.,893.24,398
SUC-006,Almond Joy Protein Bars,0000000762,Food - Snacks,2025-07-05,"Trupanion, Inc.",605.79,426
SUC-015,Spicy Tuna Sushi Kit,0000000763,Food - Prepared Meals,2025-06-24,"Oil States International, Inc.",82.48,20
SUC-024,Telescope,0000000764,Outdoor,2025-09-04,"Rollins, Inc.",871.63,998
SUC-024,Chicken Parmesan Dinner Kit,0000000765,Food - Frozen Meals,2026-06-24,"Home Federal Bancorp, Inc. of Louisiana",810.85,125
SUC-014,Almond Crunch Granola Bars,0000000766,Food - Snacks,2025-04-18,"Celadon Group, Inc.",251.9,710
SUC-003,Toasted Coconut Granola,0000000767,Food - Breakfast,2026-11-26,JM Global Holding Company,930.92,734
SUC-026,Children's Art Set,0000000768,Toys,2025-05-22,"ARC Document Solutions, Inc.",899.7,333
SUC-008,Carrot Sticks,0000000769,Food - Produce,2026-02-23,Magellan Midstream Partners L.P.,695.9,475
SUC-004,Karaoke Microphone,0000000770,Music,2026-12-28,Regal Entertainment Group,703.33,614
SUC-009,Smart Fitness Scale,0000000771,Fitness,2025-05-19,Ascendis Pharma A/S,512.14,553
SUC-021,Portable SSD,0000000772,Storage,2025-06-25,Kansas City Southern,348.79,919
SUC-012,Trackpad for Laptop,0000000773,Accessories,2025-06-12,Rocket Fuel Inc.,765.32,977
SUC-006,Collapsible Camping Cup,0000000774,Outdoor,2025-06-06,Tesco Corporation,102.83,710
SUC-026,Non-Slip Yoga Socks,0000000775,Fitness,2026-12-19,"Power Integrations, Inc.",968.81,587
SUC-003,Handheld Garment Steamer,0000000776,Home,2026-03-08,Bank Of Montreal,721.42,291
SUC-025,Noise-Canceling Earbuds,0000000777,Audio,2025-07-17,Quarterhill Inc.,707.75,319
SUC-025,Chili Garlic Sauce,0000000778,Food - Condiments,2025-10-17,Commercial Metals Company,686.25,609
SUC-001,Over-the-Door Shoe Organizer,0000000779,Home,2026-12-17,"Impax Laboratories, Inc.",889.31,458
SUC-024,Two-Tone Windbreaker,0000000780,Clothing - Outerwear,2025-07-07,"Prudential Short Duration High Yield Fund, Inc.",659.21,457
SUC-027,Tortilla Chips,0000000781,Food - Snacks,2026-01-23,"TripAdvisor, Inc.",312.51,83
SUC-018,Kids' Learning Tablet,0000000782,Electronics,2026-07-02,"Schmitt Industries, Inc.",549.72,40
SUC-008,Traditional Hummus,0000000783,Food - Dips,2026-07-23,"Stratasys, Ltd.",499.24,767
SUC-027,Electric Fondue Pot,0000000784,Kitchen,2025-09-29,"Maiden Holdings, Ltd.",380.69,610
SUC-027,Craft Beer Mustard,0000000785,Food - Condiments,2026-10-16,"First Solar, Inc.",920.55,340
SUC-017,Coconut Curry Sauce,0000000786,Food - Sauces,2026-09-28,"Aberdeen Japan Equity Fund, Inc. ",599.9,868
SUC-005,Mini Waffle Maker,0000000787,Kitchen,2026-09-14,"CareDx, Inc.",84.65,57
SUC-028,Microfiber Cleaning Cloths,0000000788,Home,2025-08-03,"PFSweb, Inc.",369.37,146
SUC-014,Ceramic Non-Stick Frying Pan,0000000789,Kitchen,2026-12-30,Workiva Inc.,335.36,801
SUC-010,Strawberry Banana Smoothie Pack,0000000790,Food - Frozen,2026-08-08,Callon Petroleum Company,680.01,632
SUC-019,Fruit and Nut Medley,0000000791,Food - Snacks,2025-07-10,Veeco Instruments Inc.,6.59,190
SUC-022,Couscous Mix,0000000792,Food - Grains,2025-07-26,Vanguard Intermediate-Term Corporate Bond ETF,177.95,551
SUC-006,Peach Mango Smoothie,0000000793,Food - Beverages,2026-03-27,Ecolab Inc.,945.74,311
SUC-029,Compact Electric Kettle,0000000794,Kitchen,2026-04-14,V.F. Corporation,177.2,837
SUC-010,Gardening Tool Belt,0000000795,Garden,2026-01-31,Zions Bancorporation,800.37,248
SUC-019,Coffee Making Kit,0000000796,Kitchen,2025-09-06,Cliffs Natural Resources Inc.,633.06,559
SUC-019,Berry Smoothie Mix,0000000797,Food - Frozen Foods,2025-05-06,Giga-tronics Incorporated,124.65,314
SUC-017,Garlic Parmesan Wings,0000000798,Food - Frozen Foods,2026-01-06,Comp En De Mn Cemig ADS,623.46,838
SUC-005,Kale and Quinoa Salad,0000000799,Food - Salads,2026-12-05,"Cohen & Steers MLP Income and Energy Opportunity Fund, Inc.",16.43,566
SUC-003,Savory Breakfast Sausage,0000000800,Food - Meats,2025-12-31,Myovant Sciences Ltd.,709.23,2
SUC-023,Frozen Berry Blend,0000000801,Food - Frozen Foods,2026-05-05,"Blackrock MuniEnhanced Fund, Inc.",880.37,239
SUC-025,Protein Pancake Mix,0000000802,Food - Breakfast,2025-10-20,"Ultra Clean Holdings, Inc.",291.91,100
SUC-008,Cinnamon Sugar Tortilla Chips,0000000803,Food - Snacks,2026-12-08,J & J Snack Foods Corp.,103.73,853
SUC-002,Wireless Music Receiver,0000000804,Audio,2025-06-17,Kamada Ltd.,383.16,372
SUC-003,Pomegranate Juice,0000000805,Food - Beverages,2026-08-05,Tesoro Corporation,322.71,918
SUC-028,Barbecue Chicken Pizza,0000000806,Food - Frozen Foods,2026-12-25,"Full House Resorts, Inc.",572.79,199
SUC-025,Corn Tortillas,0000000807,Food - Bakery,2026-03-22,Federated National Holding Company,517.74,526
SUC-005,Smart Home Security Camera,0000000808,Smart Home,2026-01-14,"Prologis, Inc.",675.68,736
SUC-025,Honey Butter Popcorn,0000000809,Food - Snacks,2026-01-19,"ABIOMED, Inc.",599.35,97
SUC-005,Chicken Parmesan Dinner Kit,0000000810,Food - Frozen Meals,2026-05-06,"Selective Insurance Group, Inc.",57.14,988
SUC-005,BBQ Lentil Chips,0000000811,Food - Snacks,2026-06-19,ContraFect Corporation,278.5,215
SUC-012,Lightweight Backpacking Tent,0000000812,Outdoor,2026-10-26,"United States Lime & Minerals, Inc.",717.49,386
SUC-027,Electric Griddle with Lid,0000000813,Kitchen,2025-05-21,Array BioPharma Inc.,48.04,966
SUC-015,Graphic Print Leggings,0000000814,Clothing - Activewear,2026-11-15,Fluor Corporation,416.18,157
SUC-018,Pet Water Fountain with Filtration,0000000815,Pets,2026-07-24,"Under Armour, Inc.",401.2,206
SUC-014,Chocolate Syrup,0000000816,Food - Condiments,2026-10-02,Community Bankers Trust Corporation.,924.0,548
SUC-010,Smart WiFi Plug,0000000817,Smart Home,2025-07-03,"AppFolio, Inc.",552.09,202
SUC-014,Fitness Tracker Watch,0000000818,Wearable Tech,2026-11-07,Autobytel Inc.,732.24,498
SUC-023,Oven Thermometer,0000000819,Kitchen,2025-12-19,Jabil Inc.,805.77,311
SUC-019,Over-Ear Headphones,0000000820,Audio,2026-09-13,Arbor Realty Trust,575.21,869
SUC-002,Electric Pressure Washer,0000000821,Home Improvement,2025-06-13,CA Inc.,130.95,418
SUC-021,Chia Seeds,0000000822,Food - Grains,2026-05-23,iShares Morningstar Mid-Cap ETF,714.46,62
SUC-014,Personal Security Alarm Keychain,0000000823,Safety,2025-10-30,"Banco Santander, S.A.",859.64,329
SUC-029,Electric Stool Heater,0000000824,Home,2025-04-24,Weingarten Realty Investors,634.42,650
SUC-030,Heat-Resistant Silicone Mat,0000000825,Kitchen,2026-09-16,Molson Coors Brewing  Company,823.41,841
SUC-007,Smart Scale,0000000826,Health,2025-11-20,iShares S&P/Citigroup International Treasury Bond Fund,218.21,42
SUC-016,Oats,0000000827,Food - Grains,2026-06-25,PowerShares Global Water Portfolio,100.39,71
SUC-008,Canned Sardines,0000000828,Food - Seafood,2026-05-09,Nuveen Select Maturities Municipal Fund,470.75,932
SUC-001,Natural Soy Candles,0000000829,Home,2025-06-18,"Ever-Glory International Group, Inc.",738.39,896
SUC-009,Compact Portable Grill,0000000830,Outdoor,2026-07-17,Data I/O Corporation,3.46,639
SUC-028,Honey Sriracha Chicken Bites,0000000831,Food - Frozen Foods,2025-05-10,"Axcelis Technologies, Inc.",767.85,98
SUC-012,Heat-Resistant Silicone Mat,0000000832,Kitchen,2026-01-25,Ascendis Pharma A/S,893.09,837
SUC-018,Nutty Trail Mix,0000000833,Food - Snacks,2026-08-20,"RSP Permian, Inc.",750.37,886
SUC-023,V-Neck Sweater,0000000834,Clothing - Tops,2026-12-02,Progenics Pharmaceuticals Inc.,643.85,811
SUC-015,Tailored Dress Pants,0000000835,Clothing - Bottoms,2026-06-22,UMB Financial Corporation,634.0,858
SUC-011,High-Low Hem Tee,0000000836,Clothing - Tops,2026-03-18,"Reliv' International, Inc.",160.04,648
SUC-024,Maple Pecan Granola,0000000837,Food - Breakfast,2025-10-14,Rand Capital Corporation,922.9,460
SUC-005,Herb Garlic Butter,0000000838,Food - Condiments,2026-03-29,Cadence Bancorporation,919.59,231
SUC-015,Sweet Potato & Kale Hash,0000000839,Food - Prepared Foods,2025-06-09,Pointer Telocation Ltd.,216.44,634
SUC-026,Personal Blender with Travel Lid,0000000840,Kitchen,2025-04-19,Avery Dennison Corporation,676.78,129
SUC-003,Graphic Hoodie,0000000841,Clothing - Outerwear,2026-01-10,TriplePoint Venture Growth BDC Corp.,225.96,827
SUC-014,Dark Chocolate Covered Almonds,0000000842,Food - Snacks,2025-08-27,"Stanley Black & Decker, Inc.",794.48,195
SUC-012,Artisan Bread Loaf,0000000843,Food - Bakery,2025-11-29,Global X Guru Activist ETF,630.74,806
SUC-010,Beef Sirloin Steak,0000000844,Food - Meat,2025-07-10,"General American Investors, Inc.",737.81,893
SUC-026,Smashed Avocado with Lime,0000000845,Food - Condiments,2025-07-18,"Bridgepoint Education, Inc.",703.72,719
SUC-012,Adjustable Pet Grooming Table,0000000846,Pets,2025-12-19,SpartanNash Company,680.39,144
SUC-002,Marinara Parmesan Baked Ziti,0000000847,Food - Frozen Meals,2026-03-20,Lloyds Banking Group Plc,122.13,344
SUC-002,Colorful Post-It Notes Set,0000000848,Office,2025-04-16,Western Digital Corporation,629.7,361
SUC-027,Oatmeal Raisin Cookies,0000000849,Food - Baked Goods,2026-10-09,Capital Southwest Corporation,519.97,423
SUC-009,High-Top Leather Boots,0000000850,Clothing - Footwear,2025-08-25,Uniti Group Inc.,175.49,734
SUC-026,Vegan Caesar Dressing,0000000851,Food - Condiments,2026-05-23,Nuveen Preferred and Income 2022 Term Fund,641.35,753
SUC-007,Herb Seasoned Croutons,0000000852,Food - Salad Toppings,2025-07-01,icad inc.,510.05,64
SUC-006,Portable Bluetooth Speaker,0000000853,Audio,2026-10-29,BlackRock Resources,299.96,803
SUC-016,Spicy Tuna Rolls,0000000854,Food - Seafood,2025-04-06,"Enphase Energy, Inc.",762.68,577
SUC-021,Hydration Backpack,0000000855,Outdoor,2025-11-15,Alpine Total Dynamic Dividend Fund,287.79,927
SUC-009,Laundry Detergent,0000000856,Food - Household,2026-01-10,"Allied World Assurance Company Holdings, AG",480.92,114
SUC-001,Baked Falafel,0000000857,Food - Vegetarian,2026-11-08,First Financial Corporation Indiana,530.08,350
SUC-009,Survival Gear Kit,0000000858,Outdoor,2026-02-16,Cabela's Inc,686.59,903
SUC-027,Inflatable Paddle Board,0000000859,Outdoor,2025-05-12,Bank of Marin Bancorp,958.77,883
SUC-005,Foldable Yoga Mat Carry Bag,0000000860,Fitness,2025-07-21,United Community Financial Corp.,606.1,609
SUC-018,Californian Raisins,0000000861,Food - Dried Fruits,2025-11-16,"MFA Financial, Inc.",840.32,124
SUC-003,Organic Almonds,0000000862,Food - Nuts,2026-11-12,FinTech Acquisition Corp. II,429.36,389
SUC-006,Caraway Rye Bread,0000000863,Food - Bakery,2026-08-03,"RealPage, Inc.",887.92,119
SUC-029,Travel Luggage Scale,0000000864,Travel,2025-06-23,"BSB Bancorp, Inc.",915.29,209
SUC-029,Reusable Coffee Filter,0000000865,Kitchen,2026-04-16,Hugoton Royalty Trust,511.15,518
SUC-003,Puffed Rice Cake,0000000866,Food - Snacks,2026-01-16,WD-40 Company,512.03,637
SUC-004,Vegetable Lentil Soup,0000000867,Food - Canned Goods,2025-08-04,Avista Healthcare Public Acquisition Corp.,994.73,852
SUC-013,Trendy Bomber Jacket,0000000868,Clothing - Outerwear,2026-08-25,Boston Omaha Corporation,786.83,271
SUC-003,Smart Thermos,0000000869,Fitness,2025-10-15,"HTG Molecular Diagnostics, Inc.",17.94,65
SUC-007,Personal Blender,0000000870,Kitchen,2026-10-02,"Onconova Therapeutics, Inc.",544.56,408
SUC-012,Kale Chips,0000000871,Food - Snacks,2026-09-12,"Blucora, Inc.",637.56,556
SUC-004,Ice Cream Maker,0000000872,Kitchen,2026-10-22,Marriot Vacations Worldwide Corporation,808.07,786
SUC-015,Frozen Salmon Filets,0000000873,Food - Seafood,2025-11-18,Fresenius Medical Care Corporation,7.73,400
SUC-028,Crispy Tofu Bites,0000000874,Food - Protein,2025-10-10,PTC Inc.,433.1,421
SUC-001,Cinnamon Spiced Almonds,0000000875,Food - Snacks,2026-08-31,Seagate Technology PLC,734.27,664
SUC-009,Granola,0000000876,Food - Breakfast,2026-01-19,pSivida Corp.,680.35,804
SUC-006,Lemon Zest Olive Oil,0000000877,Food - Oils & Vinegars,2026-05-28,RLJ Lodging Trust,197.05,15
SUC-016,Flavored Popcorn Mix,0000000878,Food - Snacks,2025-05-18,"LegacyTexas Financial Group, Inc.",7.06,716
SUC-004,Silicone Cooking Utensils Set,0000000879,Kitchen,2026-05-06,Zions Bancorporation,365.01,926
SUC-001,Granola Cereal,0000000880,Food - Breakfast,2026-05-18,Flaherty & Crumrine Preferred Securities Income Fund Inc,370.7,602
SUC-025,Baking Powder,0000000881,Food - Baking Goods,2026-11-04,"Huaneng Power International, Inc.",539.99,788
SUC-007,Portable Grill Cover,0000000882,Outdoor,2025-07-07,"China Advanced Construction Materials Group, Inc.",202.16,725
SUC-025,Cinnamon Roll Kit,0000000883,Food - Baking,2025-11-01,"Epizyme, Inc.",755.99,807
SUC-017,Slim Wallet,0000000884,Accessories,2025-11-29,First Trust Mid Cap Value AlphaDEX Fund,471.01,829
SUC-008,Electric Nail File Kit,0000000885,Beauty,2025-12-30,Affimed N.V.,405.39,253
SUC-006,Frozen Pizza,0000000886,Food - Frozen Foods,2026-12-28,R1 RCM Inc.,833.72,317
SUC-025,Spicy Thai Coconut Soup,0000000887,Food - Soups,2026-05-24,Blue Bird Corporation,253.25,716
SUC-008,Pineapple Coconut Yogurt,0000000888,Food - Dairy,2025-05-14,"Revlon, Inc.",407.14,788
SUC-022,Cranberry Orange Oatmeal,0000000889,Food - Breakfast,2025-10-01,Huntsman Corporation,492.45,107
SUC-008,Crispy Rice Treats,0000000890,Food - Snacks,2025-10-27,"Baldwin & Lyons, Inc.",332.16,254
SUC-027,Smart Plug,0000000891,Smart Home,2025-06-30,"Dominion Energy, Inc.",429.85,15
SUC-015,Gardening Tools Set,0000000892,Garden,2025-11-04,"H&E Equipment Services, Inc.",476.14,701
SUC-028,Crew Neck Sweater,0000000893,Clothing - Sweaters,2025-11-20,AngloGold Ashanti Limited,218.39,611
SUC-018,Watercolor Brush Pens,0000000894,Art Supplies,2026-08-16,"Gabelli Convertible and Income Securities Fund, Inc. (The)",563.75,936
SUC-010,Almond Joy Snack Bars,0000000895,Food - Snacks,2025-10-01,"AmTrust Financial Services, Inc.",155.59,587
SUC-016,Motorcycle Phone Mount,0000000896,Automotive,2026-01-03,"Aaron's,  Inc.",334.34,153
SUC-018,Quinoa & Black Bean Salad,0000000897,Food - Salads,2026-06-30,Centrais Electricas Brasileiras S.A.- Eletrobras,991.03,284
SUC-028,Multi-Tool,0000000898,Outdoor,2026-12-16,Cheetah Mobile Inc.,862.24,142
SUC-020,Classic Cheeseburger Mix,0000000899,Food - Meats,2025-11-09,Landec Corporation,246.74,631
SUC-013,Pasta Salad Kit,0000000900,Food - Prepared Foods,2025-12-13,"Mohawk Industries, Inc.",406.36,273
SUC-029,Solar Charger,0000000901,Electronics,2026-01-20,"Cyclacel Pharmaceuticals, Inc.",469.72,961
SUC-015,Fruit & Nut Trail Mix,0000000902,Food - Snacks,2025-07-27,"Synopsys, Inc.",32.62,738
SUC-007,Stainless Steel Water Bottle,0000000904,Fitness,2025-10-24,Mimecast Limited,435.29,480
SUC-007,Mini Projector,0000000905,Electronics,2026-04-30,Kayne Anderson MLP Investment Company,433.09,56
SUC-030,Cream Cheese,0000000906,Food - Dairy,2025-07-11,CMS Energy Corporation,114.23,297
SUC-001,Fruit and Nut Energy Bites,0000000907,Food - Snacks,2026-02-10,"Achillion Pharmaceuticals, Inc.",836.12,385
SUC-018,Portable Speaker Stand,0000000908,Audio,2025-08-13,Stellus Capital Investment Corporation,424.19,734
SUC-015,Marinara Parmesan Baked Ziti,0000000909,Food - Frozen Meals,2026-09-03,"ING Group, N.V.",253.23,771
SUC-019,Graphic Print Leggings,0000000910,Clothing - Activewear,2026-11-03,"CHF Solutions, Inc.",269.49,256
SUC-005,Honey mustard chicken tenders,0000000911,Food - Meat,2026-04-29,Public Storage,996.82,286
SUC-027,Smartphone Projector,0000000912,Electronics,2026-12-24,"Heartland Express, Inc.",658.92,8
SUC-006,Skincare Fridge,0000000913,Beauty,2026-09-24,JM Global Holding Company,695.61,194
SUC-028,Basil Pesto Pasta,0000000914,Food - Prepared Meals,2026-03-29,Putnam Municipal Opportunities Trust,622.02,570
SUC-008,Solar Charger,0000000915,Electronics,2026-04-12,"Computer Programs and Systems, Inc.",856.71,418
SUC-013,Wooden Children's Play Kitchen,0000000916,Toys,2026-01-03,PowerShares KBW Property & Casualty Insurance Portfolio,598.14,314
SUC-004,Balsamic Salad Dressing,0000000917,Food - Deli,2026-04-26,"Amazon.com, Inc.",230.88,252
SUC-008,Smartphone Tripod with Bluetooth Remote,0000000918,Photography,2025-07-13,Great Ajax Corp.,264.44,959
SUC-011,Cheese Stuffed Jalapenos,0000000919,Food - Snacks,2025-09-08,Synaptics Incorporated,373.67,830
SUC-016,USB Flash Drive,0000000920,Storage,2025-04-04,"Burlington Stores, Inc.",942.46,3
SUC-030,Smoky BBQ Jackfruit,0000000921,Food - Grocery,2026-08-09,Capital One Financial Corporation,761.68,275
SUC-006,Graphic Tee,0000000922,Clothing,2026-05-18,Lennar Corporation,48.58,673
SUC-020,Rustic Italian Breads,0000000923,Food - Bakery,2026-01-02,BB&T Corporation,409.22,830
SUC-029,Carrot and Celery Sticks,0000000924,Food - Produce,2025-10-21,"Dynex Capital, Inc.",604.64,635
SUC-025,Bike Repair Tool Kit,0000000925,Outdoor,2025-06-04,"Dominion Energy, Inc.",393.31,775
SUC-012,Vegetable Chips,0000000926,Food - Snacks,2025-09-29,General Finance Corporation,19.96,801
SUC-012,Honey Sesame Cashews,0000000927,Food - Snacks,2026-03-06,Gogo Inc.,152.67,456
SUC-016,Shower Curtain Hooks,0000000928,Home,2025-10-27,Berkshire Hathaway Inc.,156.13,958
SUC-029,Ethically-Sourced Coffee Beans,0000000929,Food - Beverages,2025-04-30,"BioCryst Pharmaceuticals, Inc.",111.85,255
SUC-018,LED Strip Lights,0000000930,Home,2026-07-03,Spherix Incorporated,349.52,115
SUC-010,Buttermilk Pancakes,0000000931,Food - Breakfast,2025-07-25,"TSR, Inc.",124.02,540
SUC-024,Teriyaki Chicken Skewers,0000000932,Food - Meat,2026-10-28,First Trust Enhanced Short Maturity ETF,724.18,362
SUC-020,Outdoor Portable Fire Pit,0000000933,Outdoor,2025-08-03,AECOM,599.49,396
SUC-020,Acoustic Guitar,0000000934,Music,2026-05-04,Digi International Inc.,400.77,582
SUC-029,French Bread,0000000935,Food - Bakery,2025-12-31,"Quad Graphics, Inc",731.64,543
SUC-010,Quinoa Salad,0000000936,Food - Prepared Foods,2026-12-11,"First Financial Northwest, Inc.",220.27,416
SUC-011,Pet Training Pads,0000000937,Pets,2025-04-13,Neonode Inc.,743.3,431
SUC-002,Herbal Tea Infuser,0000000938,Kitchen,2026-01-30,"Ruth's Hospitality Group, Inc.",550.16,451
SUC-025,Puzzle Mat,0000000939,Toys,2025-11-23,TEGNA Inc.,674.78,401
SUC-007,Spinach Artichoke Dip,0000000940,Food - Snacks,2026-09-09,Digirad Corporation,711.82,367
SUC-003,Two-Tier Fruit Basket,0000000941,Home,2025-09-23,Western Asset/Claymore U.S. Treasury Inflation Prot Secs Fd,585.43,236
SUC-008,Glass Food Containers,0000000942,Kitchen,2026-02-26,China Rapid Finance Limited,756.54,435
SUC-025,Summer Tank Dress,0000000943,Clothing - Dresses,2026-11-20,Biohaven Pharmaceutical Holding Company Ltd.,430.68,255
SUC-020,Chunky Knit Sweater,0000000944,Clothing - Tops,2025-09-08,HSBC Holdings plc,997.32,503
SUC-006,Pumpkin Pie Spice,0000000945,Food - Baking,2026-07-12,GoDaddy Inc.,86.92,157
SUC-006,Chocolate Chip Cookie Mix,0000000946,Food - Baking,2025-07-14,Xplore Technologies Corp,737.13,960
SUC-016,Brownie Bites,0000000947,Food - Baked Goods,2025-05-28,"KCAP Financial, Inc.",244.89,120
SUC-002,Cinnamon Raisin Bread,0000000948,Food - Bakery,2026-05-14,"Beasley Broadcast Group, Inc.",48.78,323
SUC-022,Vegetable Spiralizer,0000000949,Kitchen,2025-05-21,DoubleLine Opportunistic Credit Fund,738.15,817
SUC-004,USB Flash Drive,0000000950,Storage,2026-08-12,"Triumph Bancorp, Inc.",993.26,843
SUC-019,Jennifer's Amazing Lip Balm Kit,0000000951,Beauty,2026-05-26,FutureFuel Corp.,773.46,343
SUC-022,Smart Thermostat with Wi-Fi,0000000952,Smart Home,2025-06-27,Unilever NV,706.06,231
SUC-023,Energy Bites,0000000953,Food - Snacks,2025-08-06,"PS Business Parks, Inc.",862.83,272
SUC-008,Whipped Cream Cheese,0000000954,Food - Dairy,2026-12-02,"Nuance Communications, Inc.",447.67,267
SUC-009,Veggie Burger Patties,0000000955,Food - Meat Substitutes,2026-02-22,FIRST REPUBLIC BANK,414.47,868
SUC-014,Honey Roasted Almonds,0000000956,Food - Snacks,2026-05-21,"Neuralstem, Inc.",542.28,784
SUC-010,Homestyle Chicken Noodle Soup,0000000957,Food - Canned Goods,2026-06-06,"Kura Oncology, Inc.",907.28,647
SUC-010,Outdoor Adventure Kit,0000000958,Outdoor,2025-12-10,"GTY Technology Holdings, Inc.",256.92,575
SUC-009,Fruit and Nut Medley,0000000959,Food - Snacks,2025-04-03,"Tableau Software, Inc.",964.32,42
SUC-006,Stainless Steel Grater,0000000960,Kitchen,2025-06-24,Strongbridge Biopharma plc,656.17,451
SUC-006,Maple Pecan Pancake Mix,0000000961,Food - Breakfast,2025-07-10,"KemPharm, Inc.",40.27,752
SUC-021,Children's Educational Puzzle,0000000962,Toys,2026-12-22,"Wheeler Real Estate Investment Trust, Inc.",812.87,43
SUC-026,Sea Salt Tortilla Chips,0000000963,Food - Snacks,2026-09-25,First Trust Large Cap Core AlphaDEX Fund,11.6,606
SUC-025,Miso Dressing,0000000964,Food - Dressings,2026-08-11,"Pernix Therapeutics Holdings, Inc.",436.01,121
SUC-007,Mini Cordless Vacuum Cleaner,0000000965,Home Appliances,2026-11-02,"Dicerna Pharmaceuticals, Inc.",982.3,187
SUC-020,Collapsible Colander,0000000966,Kitchen,2026-08-21,California Water  Service Group Holding,281.65,75
SUC-008,Arcade Game Machine,0000000967,Gaming,2026-10-27,RELX N.V.,48.44,909
SUC-025,Striped Long Sleeve Shirt,0000000968,Clothing - Shirts,2026-03-26,Invitation Homes Inc.,572.2,910
SUC-016,Smartphone Photography Tripod,0000000969,Electronics,2026-03-13,Schlumberger N.V.,935.29,873
SUC-010,Smart Light Switch,0000000970,Smart Home,2026-01-02,"FRONTEO, Inc.",992.54,922
SUC-014,Chipotle Lime Salsa,0000000971,Food - Condiments,2026-06-12,W.R. Grace & Co.,525.52,945
SUC-028,Chickpea Pancakes,0000000972,Food - Frozen,2025-04-06,"NewStar Financial, Inc.",730.23,878
SUC-005,Couscous Mix,0000000973,Food - Grains,2026-11-20,PowerShares DWA Financial Momentum Portfolio,867.7,416
SUC-015,Vegetarian Chili,0000000974,Food - Canned Goods,2026-11-26,Diamondrock Hospitality Company,71.26,639
SUC-008,Smartphone Projector Kit,0000000975,Electronics,2026-05-01,Occidental Petroleum Corporation,52.59,925
SUC-010,Portable Pet Pooper Scooper,0000000976,Pets,2026-07-11,Boulevard Acquisition Corp. II,179.18,831
SUC-023,BBQ Jackfruit,0000000977,Food - Prepared Foods,2026-11-21,Digimarc Corporation,488.05,266
SUC-005,Paprika,0000000978,Food - Spices,2026-09-15,First Trust NASDAQ Smartphone Index Fund,18.35,874
SUC-022,Beef Jerky,0000000979,Food - Snacks,2025-05-15,"CalAtlantic Group, Inc.",928.98,794
SUC-027,Indoor Plants,0000000980,Garden,2025-12-03,Arc Logistic Partners LP,798.54,21
SUC-006,Wrist Support Brace,0000000981,Health,2025-04-06,"Lincoln Electric Holdings, Inc.",561.65,127
SUC-026,Electric Wine Opener,0000000982,Kitchen,2026-06-30,CPS Technologies Corp.,671.3,224
SUC-013,Smoked Salmon,0000000983,Food - Seafood,2026-01-26,Allstate Corporation (The),398.84,221
SUC-007,Car Vacuum,0000000984,Automotive,2026-01-04,Eastern Company (The),202.14,510
SUC-003,Classic Black Trousers,0000000985,Clothing - Pants,2026-06-04,Nuveen Multi-Market Income Fund,138.13,546
SUC-027,Stainless Steel Water Bottle,0000000986,Fitness,2026-09-07,Boulevard Acquisition Corp. II,687.57,236
SUC-008,Spicy Hummus,0000000987,Food - Deli,2025-09-28,Ryanair Holdings plc,67.66,186
SUC-003,Fruit and Nut Medley,0000000988,Food - Snacks,2026-07-13,"CF Industries Holdings, Inc.",452.34,249
SUC-029,Caramel Apple Chips,0000000989,Food - Snacks,2026-11-08,Colfax Corporation,404.17,406
SUC-001,Garlic and Herb Cream Cheese,0000000990,Food - Dairy,2026-06-05,Ferrari N.V.,162.75,818
SUC-021,Lentil Vegetable Curry,0000000991,Food - Prepared Meals,2025-11-16,"United Natural Foods, Inc.",827.72,908
SUC-003,Air Purifier,0000000992,Home,2025-05-30,China Southern Airlines Company Limited,644.39,151
SUC-027,Solar Charger,0000000994,Electronics,2025-08-20,Wintrust Financial Corporation,291.67,559
SUC-028,Home Cleaning Robot,0000000004,Home Appliances,2026-08-03,"First Community Financial Partners, Inc.",35.45,848
SUC-013,Wireless Keyboard and Mouse Combo,0000000000,Electronics,2026-07-23,Unisys Corporation,830.95,433,EXTRA
SUC-018,Multifunctional Baby Bottle Warmer,0000000995,Baby,2026-02-11,"PDL BioPharma, Inc.",450.25,993
